date_of_birth,genderLabel,imdb_id,occupationLabel,person,person_name,place_of_birthLabel,Actors_directors (Title)
1950-03-13T00:00:00Z,זכר,nm0278735,במאי קולנוע,http://www.wikidata.org/entity/Q328555,שמוליק פירסטנברג,פולין,
1935-07-01T00:00:00Z,זכר,nm0470156,שחקן,http://www.wikidata.org/entity/Q4278999,שמוליק קראוס,ירושלים,
1952-02-07T00:00:00Z,זכר,nm0069898,שחקן,http://www.wikidata.org/entity/Q7499631,שמיל בן ארי,אוג'דה,
1949-12-23T00:00:00Z,זכר,nm0234520,במאי קולנוע,http://www.wikidata.org/entity/Q726182,שמעון דותן,Adjud,
1982-05-24T00:00:00Z,נקבה,nm2511102,שחקן,http://www.wikidata.org/entity/Q12411875,שמרית לוסטיג,חיפה,
1984-10-21T00:00:00Z,נקבה,nm6449075,שחקן,http://www.wikidata.org/entity/Q18091356,שני קליין,הוד השרון,
1932-09-13T00:00:00Z,נקבה,nm2712501,שחקן,http://www.wikidata.org/entity/Q11307744,שפרירה זכאי,תל אביב-יפו,
1978-06-18T00:00:00Z,נקבה,nm0012239,שחקן,http://www.wikidata.org/entity/Q2776777,שרה אדלר,פריז,
1962-05-21T00:00:00Z,זכר,nm0018745,שחקן,http://www.wikidata.org/entity/Q12411934,שרון אלכסנדר,ישראל,
1964-10-01T00:00:00Z,נקבה,nm0352592,שחקן,http://www.wikidata.org/entity/Q6761962,שרון הכהן-בר,קריית טבעון,
1973-10-21T00:00:00Z,זכר,nm2321422,שחקן,http://www.wikidata.org/entity/Q7000493,שרון מימון,רמלה,
1971-08-01T00:00:00Z,נקבה,nm0899042,שחקן,http://www.wikidata.org/entity/Q7016257,שרית וינו-אלעד,באר שבע,
1961-10-01T00:00:00Z,נקבה,nm0785168,שחקן,http://www.wikidata.org/entity/Q6988491,שרית סרי,תל אביב-יפו,
1947-11-24T00:00:00Z,זכר,nm0299924,שחקן,http://www.wikidata.org/entity/Q1359402,ששון גבאי,בגדאד,
1976-01-01T00:00:00Z,זכר,nm1397160,במאי קולנוע,http://www.wikidata.org/entity/Q2397623,תאופיק אבו ואיל,אום אל-פחם,
1993-01-21T00:00:00Z,זכר,nm2068808,שחקן,http://www.wikidata.org/entity/Q7039423,תובל שפיר,ישראל,
1981-09-08T00:00:00Z,זכר,nm2639503,במאי קולנוע,http://www.wikidata.org/entity/Q12412004,תום שובל,פתח תקווה,
1973-08-18T00:00:00Z,זכר,nm1351922,שחקן,http://www.wikidata.org/entity/Q9359700,תומס סובצ'ק,פולין,
1980-08-01T00:00:00Z,זכר,nm2063842,שחקן,http://www.wikidata.org/entity/Q6604944,תומר אופנר,ישראל,
1975-09-08T00:00:00Z,זכר,nm0948851,שחקן,http://www.wikidata.org/entity/Q7061145,תומר יוסף,כפר סבא,
1974-08-14T00:00:00Z,זכר,nm0803037,שחקן,http://www.wikidata.org/entity/Q1108449,תומר סיסלי,ברלין המערבית,
1970-05-01T00:00:00Z,זכר,nm0788976,שחקן,http://www.wikidata.org/entity/Q7056950,תומר שרון,תל אביב-יפו,
1903-11-16T00:00:00Z,זכר,nm0225555,במאי קולנוע,http://www.wikidata.org/entity/Q2429028,תורולד דיקנסון,בריסטול,
1924-05-02T00:00:00Z,זכר,nm0000942,שחקן קולנוע,http://www.wikidata.org/entity/Q215721,תיאודור ביקל,וינה,
1985-05-01T00:00:00Z,נקבה,nm4003209,שחקן,http://www.wikidata.org/entity/Q6969909,תמר אלקן,אילת,
1988-10-01T00:00:00Z,נקבה,nm2504118,שחקן,http://www.wikidata.org/entity/Q6642081,תמר שם אור,ישראל,
1976-12-18T00:00:00Z,זכר,nm0052739,שחקן,http://www.wikidata.org/entity/Q7067952,רועי בר-נתן,הרצליה,
1992-06-08T00:00:00Z,זכר,nm5067820,שחקן,http://www.wikidata.org/entity/Q17614188,רועי ניק,ישראל,
1982-09-16T00:00:00Z,נקבה,nm6514637,שחקן,http://www.wikidata.org/entity/Q1275834,רותי אסרסאי,באר שבע,
1976-08-18T00:00:00Z,נקבה,nm1206307,שחקן,http://www.wikidata.org/entity/Q7009012,רותם אבוהב,רחובות,
1982-08-02T00:00:00Z,נקבה,nm1577510,שחקן,http://www.wikidata.org/entity/Q3442963,רותם זיסמן-כהן,זכרון יעקב,
1956-01-18T00:00:00Z,נקבה,nm0411492,שחקן,http://www.wikidata.org/entity/Q16129016,רזיה ישראלי,ישראל,
1978-07-19T00:00:00Z,נקבה,nm1492000,שחקן,http://www.wikidata.org/entity/Q582910,ריימונד אמסלם,ירושלים,
1984-03-23T00:00:00Z,נקבה,nm4059778,שחקן,http://www.wikidata.org/entity/Q3431891,ריף כהן,תל אביב-יפו,
1949-08-31T00:00:00Z,זכר,nm0000152,שחקן,http://www.wikidata.org/entity/Q48410,ריצ'רד גיר,פילדלפיה,
1979-09-29T00:00:00Z,נקבה,nm0088363,שחקן,http://www.wikidata.org/entity/Q3956456,ריקי בליך,ישראל,
1950-07-07T00:00:00Z,נקבה,nm0301543,שחקן,http://www.wikidata.org/entity/Q545772,ריקי גל,ירושלים,
1967-01-01T00:00:00Z,נקבה,nm5112815,במאי קולנוע,http://www.wikidata.org/entity/Q6795712,רמה בורשטין,ניו יורק,
1955-08-30T00:00:00Z,זכר,nm0059424,שחקן,http://www.wikidata.org/entity/Q12411392,רמי ברוך,חיפה,
1963-01-12T00:00:00Z,זכר,nm0381812,שחקן,http://www.wikidata.org/entity/Q7289526,רמי הויברגר,תל אביב-יפו,
1984-01-07T00:00:00Z,זכר,nm1763736,שחקן,http://www.wikidata.org/entity/Q537222,רן דנקר,נורפוק,
1978-07-29T00:00:00Z,נקבה,nm1442535,שחקן,http://www.wikidata.org/entity/Q7045374,רננה רז,ישראל,
1971-01-01T00:00:00Z,זכר,nm0618930,במאי קולנוע,http://www.wikidata.org/entity/Q2894493,רפאל נג'ארי,מרסיי,
1948-02-01T00:00:00Z,זכר,nm0851782,שחקן,http://www.wikidata.org/entity/Q6996644,רפי תבור,רומניה,
1994-11-17T00:00:00Z,זכר,nm5674223,שחקן,http://www.wikidata.org/entity/Q24039039,שאדי מרעי,משהד,
1958-06-01T00:00:00Z,זכר,nm0594631,שחקן,http://www.wikidata.org/entity/Q6661472,שאול מזרחי,חולון,
1971-07-21T00:00:00Z,נקבה,nm0001250,שחקן,http://www.wikidata.org/entity/Q276005,שארלוט גינסבורג,לונדון,
1960-07-23T00:00:00Z,זכר,nm0300076,במאי קולנוע,http://www.wikidata.org/entity/Q2228099,שבי גביזון,חיפה,
1944-04-01T00:00:00Z,נקבה,nm0720744,שחקן,http://www.wikidata.org/entity/Q17523684,שולה רווח,חיפה,
1962-02-08T00:00:00Z,זכר,nm0709493,שחקן,http://www.wikidata.org/entity/Q2911752,שולי רנד,בני ברק,
1908-01-01T00:00:00Z,נקבה,nm0240265,שחקן,http://www.wikidata.org/entity/Q6743466,שושנה דואר,דמשק,
1963-01-01T00:00:00Z,זכר,nm0043241,שחקן,http://www.wikidata.org/entity/Q7003201,שי אביבי,עכו,
1967-08-06T00:00:00Z,זכר,nm1136674,במאי קולנוע,http://www.wikidata.org/entity/Q7001406,שי כנות,לוס אנג'לס,
1929-11-04T00:00:00Z,זכר,nm0649090,שחקן,http://www.wikidata.org/entity/Q205000,שייקה אופיר,ירושלים,
1939-01-01T00:00:00Z,זכר,nm0505504,שחקן,http://www.wikidata.org/entity/Q4025622,שייקה לוי,קהיר,
1971-04-23T00:00:00Z,נקבה,nm0311700,במאי קולנוע,http://www.wikidata.org/entity/Q6157634,שירה גפן,רמת גן,
1995-05-11T00:00:00Z,נקבה,nm6024635,שחקן,http://www.wikidata.org/entity/Q17566342,שירה האס,תל אביב-יפו,
1974-10-13T00:00:00Z,נקבה,nm1368139,שחקן,http://www.wikidata.org/entity/Q7498334,שירז טל,נתניה,
1978-10-20T00:00:00Z,נקבה,nm1742833,שחקן,http://www.wikidata.org/entity/Q12411678,שירי גדני,נתניה,
1981-05-17T00:00:00Z,נקבה,nm1708931,שחקן,http://www.wikidata.org/entity/Q266578,שירי מימון,חיפה,
1978-09-24T00:00:00Z,נקבה,nm0107197,שחקן,http://www.wikidata.org/entity/Q7498897,שירלי ברנר,חיפה,
1978-08-19T00:00:00Z,זכר,nm2457883,שחקן,http://www.wikidata.org/entity/Q16130023,שלום מיכאלשווילי,רמלה,
1972-01-01T00:00:00Z,זכר,nm1729095,במאי קולנוע,http://www.wikidata.org/entity/Q6583858,שלומי אלקבץ,באר שבע,
1973-10-07T00:00:00Z,זכר,nm0764845,שחקן,http://www.wikidata.org/entity/Q12411727,שלומי סרנגה,תל אביב-יפו,
1976-09-24T00:00:00Z,זכר,nm1441852,שחקן,http://www.wikidata.org/entity/Q7053392,שלומי קוריאט,יבנה,
1920-08-18T00:00:00Z,נקבה,nm0001859,שחקן קולנוע,http://www.wikidata.org/entity/Q202144,שלי וינטרס,מזרח סנט לואיס,
1922-08-18T00:00:00Z,נקבה,nm0001859,שחקן קולנוע,http://www.wikidata.org/entity/Q202144,שלי וינטרס,מזרח סנט לואיס,
1949-11-26T00:00:00Z,זכר,nm0038004,שחקן קולנוע,http://www.wikidata.org/entity/Q966848,שלמה ארצי,ישראל,
1928-12-01T00:00:00Z,זכר,nm0052752,שחקן,http://www.wikidata.org/entity/Q7035061,שלמה בר-שביט,ירושלים,
1950-07-01T00:00:00Z,זכר,nm0052722,שחקן,http://www.wikidata.org/entity/Q12411749,שלמה בראבא,נתניה,
1943-10-01T00:00:00Z,זכר,nm0899624,שחקן,http://www.wikidata.org/entity/Q6962947,שלמה וישינסקי,תל אביב-יפו,
1940-01-01T00:00:00Z,זכר,nm0850702,שחקן,http://www.wikidata.org/entity/Q6681041,שלמה תרשיש,גרמניה,
1954-01-10T00:00:00Z,זכר,nm0898443,שחקן,http://www.wikidata.org/entity/Q3975892,שמואל וילוז'ני,רמת גן,
1902-12-10T00:00:00Z,זכר,nm0734588,שחקן קולנוע,http://www.wikidata.org/entity/Q2279665,שמואל רודנסקי,וילנה,
1929-12-01T00:00:00Z,זכר,nm0793505,שחקן קולנוע,http://www.wikidata.org/entity/Q663185,שמואל שילה,לוצק,
1962-05-23T00:00:00Z,זכר,nm1413443,במאי קולנוע,http://www.wikidata.org/entity/Q979828,שמוליק מעוז,הרצליה,
1941-11-23T00:00:00Z,זכר,nm0626259,שחקן,http://www.wikidata.org/entity/Q311716,פרנקו נרו,פארמה,
1966-04-07T00:00:00Z,זכר,nm0352620,שחקן,http://www.wikidata.org/entity/Q4026164,צביקה הדר,באר שבע,
1962-02-28T00:00:00Z,זכר,nm0333523,שחקן,http://www.wikidata.org/entity/Q12410872,צחי גראד,ירושלים,
1975-03-01T00:00:00Z,זכר,nm5674436,שחקן,http://www.wikidata.org/entity/Q17523670,צחי הלוי,פתח תקווה,
1977-11-06T00:00:00Z,זכר,nm1686684,שחקן,http://www.wikidata.org/entity/Q8063792,צחי כהן,תל אביב-יפו,
1953-07-08T00:00:00Z,זכר,nm0637508,שחקן,http://www.wikidata.org/entity/Q139705,צחי נוי,חיפה,
1979-10-01T00:00:00Z,זכר,nm2140490,שחקן,http://www.wikidata.org/entity/Q6769388,ציון ברוך,רמלה,
1947-04-01T00:00:00Z,נקבה,nm0789558,שחקן,http://www.wikidata.org/entity/Q7861973,ציפי שביט,נווה ים,
1978-01-01T00:00:00Z,זכר,nm1845700,שחקן,http://www.wikidata.org/entity/Q2916467,קאיס נאשף,טייבה,
1980-08-31T00:00:00Z,זכר,nm2486537,שחקן,http://www.wikidata.org/entity/Q7057819,קובי פרג',פתח תקווה,
1991-07-01T00:00:00Z,זכר,nm1133795,שחקן,http://www.wikidata.org/entity/Q2202755,קווין אדמס,הרובע השישה-עשר של פריז,
1921-03-28T00:00:00Z,זכר,nm0025731,שחקן,http://www.wikidata.org/entity/Q12344971,קונסטנטין אנטול,סיביו,
1926-10-18T00:00:00Z,זכר,nm0001428,שחקן,http://www.wikidata.org/entity/Q55419,קלאוס קינסקי,סופוט (פולין),
1957-07-09T00:00:00Z,נקבה,nm0000534,שחקן,http://www.wikidata.org/entity/Q229147,קלי מקגיליס,ניופורט ביץ',
1976-12-29T00:00:00Z,נקבה,nm1178702,שחקן,http://www.wikidata.org/entity/Q452025,קלרה ח'ורי,חיפה,
1975-01-01T00:00:00Z,זכר,nm0074257,שחקן קולנוע,http://www.wikidata.org/entity/Q6423858,קנוט ברגר,גלזנקירכן,
1945-12-02T00:00:00Z,נקבה,nm0471079,שחקן קולנוע,http://www.wikidata.org/entity/Q68134,"קרויצר, ליזה",הוף,
1943-04-02T00:00:00Z,נקבה,nm0716686,שחקן,http://www.wikidata.org/entity/Q1044249,קרולה רגנייר,Pähl,
1959-11-13T00:00:00Z,נקבה,nm0328751,שחקן קולנוע,http://www.wikidata.org/entity/Q201976,קרוליין גודול,לונדון,
1958-02-01T00:00:00Z,נקבה,nm0486376,שחקן,http://www.wikidata.org/entity/Q28234854,קרוליין לנגפורד,לונדון,
1971-09-07T00:00:00Z,נקבה,nm0676358,שחקן קולנוע,http://www.wikidata.org/entity/Q96068,קרולין פיטרס,מיינץ,
1972-01-01T00:00:00Z,נקבה,nm0947121,במאי קולנוע,http://www.wikidata.org/entity/Q2906595,קרן ידעיה,ארצות הברית,
1964-12-30T00:00:00Z,נקבה,nm0602217,שחקן,http://www.wikidata.org/entity/Q528141,קרן מור,ישראל,
1954-11-19T00:00:00Z,נקבה,nm0000599,שחקן,http://www.wikidata.org/entity/Q236696,קת'לין קווינלן,פסדינה,
1958-04-23T00:00:00Z,זכר,nm0586123,במאי קולנוע,http://www.wikidata.org/entity/Q543982,ראדו מיכאיליאנו,בוקרשט,
1930-06-05T00:00:00Z,זכר,nm8970615,שחקן,http://www.wikidata.org/entity/Q6817485,ראובן אדיב,ירושלים,
1943-10-05T00:00:00Z,זכר,nm0206664,שחקן,http://www.wikidata.org/entity/Q7061343,ראובן דיין,אספהאן,
1986-01-01T00:00:00Z,זכר,nm4086647,שחקן קולנוע,http://www.wikidata.org/entity/Q3421370,ראזי שואהדה,ישראל,
1972-11-10T00:00:00Z,נקבה,nm0012311,שחקן,http://www.wikidata.org/entity/Q3417635,ראידה אדון,עכו,
1935-01-01T00:00:00Z,נקבה,nm0332657,שחקן,http://www.wikidata.org/entity/Q6634029,רבקה גור,ירושלים,
1938-04-14T00:00:00Z,נקבה,nm0584248,שחקן,http://www.wikidata.org/entity/Q4127724,רבקה מיכאלי,ירושלים,
1957-01-01T00:00:00Z,נקבה,nm1413449,שחקן,http://www.wikidata.org/entity/Q12411241,רובי פורת-שובל,מרוקו,
1925-07-26T00:00:00Z,זכר,nm0386542,שחקן,http://www.wikidata.org/entity/Q1723836,רוברט הירש,L'Isle-Adam,
1933-07-29T00:00:00Z,זכר,nm0298333,שחקן,http://www.wikidata.org/entity/Q716617,רוברט פולר,"טרוי, ניו יורק",
1976-10-01T00:00:00Z,זכר,nm2685368,שחקן,http://www.wikidata.org/entity/Q6641344,רודיה קוזלובסקי,רמת גן,
1951-12-17T00:00:00Z,נקבה,nm0131399,שחקן,http://www.wikidata.org/entity/Q12411256,רוזינה קמבוס,בקאו,
1979-01-27T00:00:00Z,נקבה,nm0683253,שחקן,http://www.wikidata.org/entity/Q230004,רוזמונד פייק,האמרסמית',
1935-12-18T00:00:00Z,נקבה,nm0494863,שחקן,http://www.wikidata.org/entity/Q3442508,רוזמרי ליץ',מאץ' ונלוק,
1984-01-21T00:00:00Z,נקבה,nm0008892,שחקן קולנוע,http://www.wikidata.org/entity/Q12411265,רומי אבולעפיה,תל אביב-יפו,
1970-12-01T00:00:00Z,זכר,nm1404286,שחקן,http://www.wikidata.org/entity/Q6860389,רון שחר,נתניה,
1965-10-01T00:00:00Z,נקבה,nm2991024,שחקן,http://www.wikidata.org/entity/Q16128870,רונה ליפז-מיכאל,צפת,
1983-01-09T00:00:00Z,נקבה,nm2320515,שחקן,http://www.wikidata.org/entity/Q6846469,רונה-לי שמעון,רמת גן,
1982-07-25T00:00:00Z,נקבה,nm1846818,שחקן,http://www.wikidata.org/entity/Q6624062,רוני הדר,תל אביב-יפו,
1954-05-07T00:00:00Z,זכר,nm0632464,במאי קולנוע,http://www.wikidata.org/entity/Q12411286,רוני ניניו,ניו יורק,
1964-04-01T00:00:00Z,זכר,nm0277953,שחקן,http://www.wikidata.org/entity/Q6983078,רוני פינקוביץ',ישראל,
1984-04-27T00:00:00Z,נקבה,nm3270108,שחקן,http://www.wikidata.org/entity/Q12411287,רוני קידר,תל אביב-יפו,
1964-11-27T00:00:00Z,נקבה,nm0253813,שחקן,http://www.wikidata.org/entity/Q455824,רונית אלקבץ,באר שבע,
1965-11-14T00:00:00Z,נקבה,nm1577418,שחקן,http://www.wikidata.org/entity/Q2165931,רונית יודקביץ',פתח תקווה,
1977-01-15T00:00:00Z,זכר,nm1665537,שחקן,http://www.wikidata.org/entity/Q1676772,רונלד זרפלד,ברלין,
1979-01-02T00:00:00Z,זכר,nm2507485,שחקן,http://www.wikidata.org/entity/Q16341962,רועי אסף,ראשון לציון,
1968-01-01T00:00:00Z,זכר,nm0394657,שחקן,http://www.wikidata.org/entity/Q6766483,סמי הורי,באר שבע,
1972-01-01T00:00:00Z,זכר,nm0759853,שחקן,http://www.wikidata.org/entity/Q3470791,סמי סמיר,ירושלים,
1976-04-05T00:00:00Z,נקבה,nm1139378,שחקן,http://www.wikidata.org/entity/Q2920253,סנדי בר,תל אביב-יפו,
1949-10-28T00:00:00Z,נקבה,nm0755445,שחקן,http://www.wikidata.org/entity/Q6843250,סנדרה שדה,רומניה,
1947-11-07T00:00:00Z,זכר,nm0729707,שחקן,http://www.wikidata.org/entity/Q12410132,ספי ריבלין,ראשון לציון,
1976-05-23T00:00:00Z,זכר,nm3498742,שחקן,http://www.wikidata.org/entity/Q16132655,סשה אבשלום אגרונוב,באקו,
1971-10-13T00:00:00Z,זכר,nm0056187,שחקן,http://www.wikidata.org/entity/Q29055,סשה ברון כהן,האמרסמית',
1998-06-13T00:00:00Z,זכר,nm2713320,שחקן,http://www.wikidata.org/entity/Q11855186,עבדאללה אל-עקל,תל אביב-יפו,
1982-01-28T00:00:00Z,נקבה,nm3377137,שחקן,http://www.wikidata.org/entity/Q4682590,עדי בילסקי,ירושלים,
1987-02-01T00:00:00Z,נקבה,nm5726848,שחקן,http://www.wikidata.org/entity/Q28824725,עדי חבשוש,פתח תקווה,
1978-11-16T00:00:00Z,נקבה,nm0264359,שחקן,http://www.wikidata.org/entity/Q4682599,עדי עזרוני,ישראל,
1937-05-05T00:00:00Z,זכר,nm0467732,במאי קולנוע,http://www.wikidata.org/entity/Q2907059,עודד קוטלר,תל אביב-יפו,
1976-01-01T00:00:00Z,זכר,nm3571021,במאי קולנוע,http://www.wikidata.org/entity/Q16132952,עודד רז,ירושלים,
1983-06-01T00:00:00Z,זכר,nm2863731,שחקן,http://www.wikidata.org/entity/Q6939881,עוז זהבי,ראשון לציון,
1980-06-20T00:00:00Z,זכר,nm0055455,שחקן,http://www.wikidata.org/entity/Q6649919,עומר ברנע,ישראל,
1978-04-17T00:00:00Z,זכר,nm1504979,שחקן קולנוע,http://www.wikidata.org/entity/Q1543563,עידו מוסרי,תל אביב-יפו,
1971-10-03T00:00:00Z,זכר,nm0022767,שחקן,http://www.wikidata.org/entity/Q5460812,עידן אלתרמן,חיפה,
1953-01-01T00:00:00Z,נקבה,nm1938355,במאי קולנוע,http://www.wikidata.org/entity/Q22303992,עילית זקצר,נתניה,
2000-01-01T00:00:00Z,זכר,nm4796818,במאי קולנוע,http://www.wikidata.org/entity/Q5368775,עימאד בורנאט,מדינה פלסטינית,
1973-08-29T00:00:00Z,נקבה,nm0919385,שחקן,http://www.wikidata.org/entity/Q12410303,עינת ויצמן,חיפה,
1968-11-19T00:00:00Z,נקבה,nm1011808,שחקן,http://www.wikidata.org/entity/Q6701092,עירית נתן בנדק,לוד,
1973-07-01T00:00:00Z,נקבה,nm2278625,שחקן,http://www.wikidata.org/entity/Q12410323,עירית קפלן,בת ים,
1939-12-03T00:00:00Z,נקבה,nm0741903,שחקן,http://www.wikidata.org/entity/Q6980025,עליזה רוזן,ירושלים,
1970-11-21T00:00:00Z,נקבה,nm1138716,שחקן,http://www.wikidata.org/entity/Q658056,עלמה זק,תל אביב-יפו,
1954-05-10T00:00:00Z,זכר,nm0349742,במאי קולנוע,http://www.wikidata.org/entity/Q6897698,עמוס גוטמן,טרנסילבניה,
1950-10-11T00:00:00Z,זכר,nm0321159,במאי קולנוע,http://www.wikidata.org/entity/Q474262,עמוס גיתאי,חיפה,
1953-01-01T00:00:00Z,זכר,nm0491999,שחקן,http://www.wikidata.org/entity/Q2907291,עמוס לביא,טריפולי,
1947-09-15T00:00:00Z,זכר,nm0464180,במאי קולנוע,http://www.wikidata.org/entity/Q474266,עמוס קולק,ירושלים,
1977-09-06T00:00:00Z,זכר,nm1759640,שחקן,http://www.wikidata.org/entity/Q6968115,עמוס תמם,רמלה,
1970-01-01T00:00:00Z,זכר,nm0810558,שחקן,http://www.wikidata.org/entity/Q6898163,עמי סמולרצ'יק,חיפה,
1979-11-19T00:00:00Z,זכר,nm3302977,שחקן,http://www.wikidata.org/entity/Q27052280,עמית איצקר,פתח תקווה,
1970-09-18T00:00:00Z,זכר,nm0506570,במאי קולנוע,http://www.wikidata.org/entity/Q6596708,עמרי לוי,ברקלי,
1961-06-01T00:00:00Z,נקבה,nm0915385,שחקן,http://www.wikidata.org/entity/Q7917373,ענת וקסמן,יפו,
1958-11-27T00:00:00Z,נקבה,nm0041215,שחקן,http://www.wikidata.org/entity/Q487272,ענת עצמון,תל אביב-יפו,
1961-01-01T00:00:00Z,נקבה,nm1235009,במאי קולנוע,http://www.wikidata.org/entity/Q4752006,ענת צוריה,ירושלים,
1962-05-01T00:00:00Z,נקבה,nm0952013,שחקן,http://www.wikidata.org/entity/Q7063313,ענת צחור,באר שבע,
1980-09-01T00:00:00Z,נקבה,nm2127565,שחקן,http://www.wikidata.org/entity/Q6694632,ענת קלאוזנר,תל אביב-יפו,
1981-04-08T00:00:00Z,זכר,nm1364509,שחקן,http://www.wikidata.org/entity/Q7078868,עפר שכטר,הדר עם,
1957-11-19T00:00:00Z,נקבה,nm0371866,שחקן,http://www.wikidata.org/entity/Q111087,עפרה חזה,תל אביב-יפו,
1973-01-01T00:00:00Z,זכר,nm0464115,במאי קולנוע,http://www.wikidata.org/entity/Q2916255,ערן קולירין,חולון,
1954-10-02T00:00:00Z,זכר,nm0726954,במאי קולנוע,http://www.wikidata.org/entity/Q920595,ערן ריקליס,ירושלים,
1949-03-22T00:00:00Z,נקבה,nm0000272,שחקן,http://www.wikidata.org/entity/Q106349,פאני ארדן,סומיר,
1936-06-24T00:00:00Z,זכר,nm0809544,שחקן,http://www.wikidata.org/entity/Q949387,פול ל. סמית',אברט,
1939-02-05T00:00:00Z,זכר,nm0809544,שחקן,http://www.wikidata.org/entity/Q949387,פול ל. סמית',אברט,
1949-11-01T00:00:00Z,זכר,nm0689072,שחקן,http://www.wikidata.org/entity/Q18759748,פולי רשף,טורקיה,
1940-07-13T00:00:00Z,זכר,nm0001772,שחקן,http://www.wikidata.org/entity/Q16296,פטריק סטיוארט,מירפילד,
1953-10-27T00:00:00Z,זכר,nm0278752,שחקן קולנוע,http://www.wikidata.org/entity/Q376981,פיטר פירת',ברדפורד,
1941-01-14T00:00:00Z,נקבה,nm0001159,שחקן,http://www.wikidata.org/entity/Q168721,פיי דאנאוויי,Bascom,
1978-04-01T00:00:00Z,זכר,nm1151268,שחקן,http://www.wikidata.org/entity/Q6715330,פיני טבגר,ירושלים,
1927-09-24T00:00:00Z,נקבה,nm0314318,שחקן,http://www.wikidata.org/entity/Q7206061,פנינה גרי,נהלל,
1949-10-01T00:00:00Z,זכר,nm0251885,שחקן,http://www.wikidata.org/entity/Q6757948,מנחם עיני,פתח תקווה,
1980-01-01T00:00:00Z,זכר,nm4014598,במאי קולנוע,http://www.wikidata.org/entity/Q6954343,מני יעיש,בת ים,
1959-08-07T00:00:00Z,זכר,nm0637505,שחקן,http://www.wikidata.org/entity/Q12409309,מנשה נוי,תל אביב-יפו,
1967-09-29T00:00:00Z,נקבה,nm1847370,שחקן,http://www.wikidata.org/entity/Q2920609,מסקי שיברו,אדיס אבבה,
1984-01-07T00:00:00Z,זכר,nm0726262,שחקן,http://www.wikidata.org/entity/Q76172,מקס רימלט,ברלין,
1931-08-19T00:00:00Z,נקבה,nm0462367,שחקן קולנוע,http://www.wikidata.org/entity/Q77405,מריאנה קוך,מינכן,
1974-06-27T00:00:00Z,זכר,nm1159279,שחקן,http://www.wikidata.org/entity/Q12409525,מריאנו אידלמן,ארגנטינה,
1965-09-27T00:00:00Z,נקבה,nm0775056,שחקן,http://www.wikidata.org/entity/Q63296,מריה שראדר,הנובר,
1895-12-14T00:00:00Z,נקבה,nm0077161,שחקן,http://www.wikidata.org/entity/Q1986816,מרים ברנשטיין-כהן,קישינב,
1953-11-29T00:00:00Z,זכר,nm0412405,שחקן,http://www.wikidata.org/entity/Q347083,משה איבגי,קזבלנקה,
1931-09-05T00:00:00Z,זכר,nm0594624,במאי קולנוע,http://www.wikidata.org/entity/Q1949286,משה מזרחי,אלכסנדריה,
1952-12-25T00:00:00Z,זכר,nm0559018,שחקן,http://www.wikidata.org/entity/Q6874823,מתי סרי,ירושלים,
1965-10-01T00:00:00Z,זכר,nm0453931,שחקן,http://www.wikidata.org/entity/Q7068871,נבו קמחי,כברי,
1980-03-04T00:00:00Z,זכר,nm4142927,במאי קולנוע,http://www.wikidata.org/entity/Q14641129,נבות פפושדו,חיפה,
1971-09-25T00:00:00Z,זכר,nm1654483,שחקן,http://www.wikidata.org/entity/Q6911882,נדב אבקסיס,חצור הגלילית,
1945-04-21T00:00:00Z,זכר,nm0506156,במאי קולנוע,http://www.wikidata.org/entity/Q2901768,נדב לויתן,כפר מסריק,
1975-04-08T00:00:00Z,זכר,nm2028715,במאי קולנוע,http://www.wikidata.org/entity/Q7060835,נדב לפיד,תל אביב-יפו,
1982-10-18T00:00:00Z,זכר,nm2273110,שחקן,http://www.wikidata.org/entity/Q18611319,נדב נייטס,כוכב יאיר צור יגאל,
1945-03-11T00:00:00Z,נקבה,nm0043232,במאי קולנוע,http://www.wikidata.org/entity/Q2895799,נורית אביב,תל אביב-יפו,
1967-06-17T00:00:00Z,זכר,nm0411521,שחקן,http://www.wikidata.org/entity/Q3343792,נורמן עיסא,חיפה,
1975-01-01T00:00:00Z,נקבה,nm0040531,שחקן,http://www.wikidata.org/entity/Q1966277,נטלי עטיה,תל אביב-יפו,
1981-06-09T00:00:00Z,נקבה,nm0000204,במאי קולנוע,http://www.wikidata.org/entity/Q37876,נטלי פורטמן,ירושלים,
1980-03-20T00:00:00Z,נקבה,nm1411039,שחקן,http://www.wikidata.org/entity/Q2908831,נטע גרטי,תל אביב-יפו,
1958-08-15T00:00:00Z,נקבה,nm1475312,שחקן,http://www.wikidata.org/entity/Q4280554,נטשה מנור,אוליאנובסק,
1958-08-15T00:00:00Z,נקבה,nm4775500,שחקן,http://www.wikidata.org/entity/Q4280554,נטשה מנור,אוליאנובסק,
1983-10-21T00:00:00Z,נקבה,nm1760573,שחקן,http://www.wikidata.org/entity/Q444518,נינט טייב,קריית גת,
1922-11-05T00:00:00Z,זכר,nm0622340,שחקן,http://www.wikidata.org/entity/Q7041017,ניסן נתיב,מינכן,
1950-06-25T00:00:00Z,נקבה,nm0789497,שחקן,http://www.wikidata.org/entity/Q7041627,ניצה שאול,תל אביב-יפו,
1969-08-08T00:00:00Z,זכר,nm0074844,במאי קולנוע,http://www.wikidata.org/entity/Q1993353,ניר ברגמן,חיפה,
1968-06-01T00:00:00Z,זכר,nm0506566,שחקן,http://www.wikidata.org/entity/Q12409878,ניר לוי,תל אביב-יפו,
1982-11-30T00:00:00Z,נקבה,nm0846474,שחקן,http://www.wikidata.org/entity/Q6829702,נלי תגר,תל אביב-יפו,
1943-11-22T00:00:00Z,נקבה,nm0338470,שחקן,http://www.wikidata.org/entity/Q2777415,נעמי בלומנטל,ביצרון,
1976-01-31T00:00:00Z,נקבה,nm1441836,שחקן,http://www.wikidata.org/entity/Q6981011,נתי קלוגר,רמת גן,
1905-04-07T00:00:00Z,זכר,nm0043495,במאי קולנוע,http://www.wikidata.org/entity/Q2687017,נתן אקסלרוד,דוברובנה,
1946-10-01T00:00:00Z,זכר,nm2279344,שחקן,http://www.wikidata.org/entity/Q12409971,נתן זהבי,תל אביב-יפו,
1953-01-01T00:00:00Z,זכר,nm0169016,שחקן,http://www.wikidata.org/entity/Q3336704,נתן כוגן,באקו,
1955-09-01T00:00:00Z,זכר,nm0622298,שחקן,http://www.wikidata.org/entity/Q6650576,נתן נתנזון,רומניה,
1966-11-30T00:00:00Z,זכר,nm0712490,שחקן,http://www.wikidata.org/entity/Q7067704,נתן רביץ,אילת,
1977-03-01T00:00:00Z,זכר,nm2759746,שחקן קולנוע,http://www.wikidata.org/entity/Q2901028,סאלח בכרי,מדינה פלסטינית,
1977-03-01T00:00:00Z,זכר,nm2759746,שחקן קולנוע,http://www.wikidata.org/entity/Q2901028,סאלח בכרי,בענה,
1957-12-13T00:00:00Z,זכר,nm0000114,שחקן,http://www.wikidata.org/entity/Q104061,סטיב בושמי,ברוקלין,
1937-08-03T00:00:00Z,זכר,nm0000925,שחקן,http://www.wikidata.org/entity/Q529849,סטיבן ברקוף,סטפני,
1973-07-29T00:00:00Z,זכר,nm0001151,שחקן,http://www.wikidata.org/entity/Q334195,סטיבן דורף,אטלנטה,
1987-06-04T00:00:00Z,נקבה,nm3275688,שחקן,http://www.wikidata.org/entity/Q7532377,סיון לוי,רמת השרון,
1962-03-05T00:00:00Z,זכר,nm0008787,שחקן,http://www.wikidata.org/entity/Q1255329,סימון אבקריאן,גונס,
1975-01-01T00:00:00Z,זכר,nm2738713,שחקן,http://www.wikidata.org/entity/Q1658241,סכנדר קובטי,יפו,
1961-02-04T00:00:00Z,זכר,nm1822026,שחקן קולנוע,http://www.wikidata.org/entity/Q6942680,סלבה ביברגל,ריגה,
1932-07-20T00:00:00Z,זכר,nm0152258,שחקן,http://www.wikidata.org/entity/Q4507258,סלבה צ'פלין,וישני וולוצ'יוק,
1952-03-07T00:00:00Z,נקבה,nm0055474,שחקן,http://www.wikidata.org/entity/Q25490420,סמדר ברנר,חיפה,
1963-01-01T00:00:00Z,נקבה,nm0452965,שחקן,http://www.wikidata.org/entity/Q6951514,סמדר קילצ'ינסקי,ישראל,
1992-01-01T00:00:00Z,נקבה,nm7230835,שחקן,http://www.wikidata.org/entity/Q30337291,למיס עמאר,עכו,
1976-11-05T00:00:00Z,נקבה,nm1783055,שחקן,http://www.wikidata.org/entity/Q3216896,לנה אטינגר,לונדון,
1989-09-01T00:00:00Z,זכר,nm4802247,שחקן,http://www.wikidata.org/entity/Q6582739,מאור שוויצר,ירושלים,
1977-11-09T00:00:00Z,נקבה,nm1855801,שחקן,http://www.wikidata.org/entity/Q2078758,מאיה בוסקילה,נתניה,
1980-05-12T00:00:00Z,נקבה,nm0563038,שחקן,http://www.wikidata.org/entity/Q528088,מאיה מרון,תל אביב-יפו,
1985-11-15T00:00:00Z,נקבה,nm3949541,שחקן,http://www.wikidata.org/entity/Q17556244,מאיסה עבד אלהאדי,נצרת,
1955-11-01T00:00:00Z,זכר,nm0837658,שחקן,http://www.wikidata.org/entity/Q7047577,מאיר סויסה,קזבלנקה,
1968-09-06T00:00:00Z,זכר,nm0411980,שחקן,http://www.wikidata.org/entity/Q1033909,מארק איווניר,צ'רנוביץ,
1972-03-10T00:00:00Z,זכר,nm2409219,שחקן,http://www.wikidata.org/entity/Q96103,מארק וושק,Wattenscheid,
1962-09-20T00:00:00Z,זכר,nm0052745,שחקן,http://www.wikidata.org/entity/Q2153984,מודי בר-און,ישראל,
1953-11-27T00:00:00Z,זכר,nm0049235,במאי קולנוע,http://www.wikidata.org/entity/Q2721648,מוחמד בכרי,בענה,
1946-12-18T00:00:00Z,זכר,nm0317906,שחקן קולנוע,http://www.wikidata.org/entity/Q1641796,מוטי גלעדי,חיפה,
1972-02-19T00:00:00Z,זכר,nm0782030,במאי קולנוע,http://www.wikidata.org/entity/Q6786515,מולי שגב,תל אביב-יפו,
1951-08-18T00:00:00Z,זכר,nm0608701,שחקן,http://www.wikidata.org/entity/Q2908394,מוני מושונוב,רמלה,
1931-03-10T00:00:00Z,זכר,nm0017133,שחקן,http://www.wikidata.org/entity/Q2907217,מוסקו אלקלעי,בוקרשט,
1943-01-23T00:00:00Z,זכר,nm0126870,שחקן,http://www.wikidata.org/entity/Q549827,מוריס בנישו,תלמסאן,
1976-03-25T00:00:00Z,זכר,nm1502238,שחקן,http://www.wikidata.org/entity/Q12408973,מוריס כהן (שחקן),בת ים,
1981-04-09T00:00:00Z,נקבה,nm1785054,שחקן,http://www.wikidata.org/entity/Q1090947,מורן אטיאס,חיפה,
1985-09-14T00:00:00Z,נקבה,nm4278130,שחקן,http://www.wikidata.org/entity/Q6994464,מורן רוזנבלט,תל אביב-יפו,
1982-07-19T00:00:00Z,זכר,nm3218796,שחקן,http://www.wikidata.org/entity/Q3277828,מחמוד שלבי,עכו,
1975-10-01T00:00:00Z,נקבה,nm1760012,שחקן,http://www.wikidata.org/entity/Q7057608,מיה דגן,בני ברק,
1979-08-24T00:00:00Z,נקבה,nm0230525,שחקן,http://www.wikidata.org/entity/Q431393,מיטל דוהן,רעננה,
1982-01-01T00:00:00Z,נקבה,nm4092213,במאי קולנוע,http://www.wikidata.org/entity/Q28940374,מייסלון חמוד,בודפשט,
1945-07-01T00:00:00Z,זכר,nm0123391,שחקן קולנוע,http://www.wikidata.org/entity/Q2909642,מייק בורשטיין,ניו יורק,
1969-02-05T00:00:00Z,זכר,nm0790688,שחקן,http://www.wikidata.org/entity/Q298276,מייקל שין,ניופורט,
1984-01-30T00:00:00Z,זכר,nm2072214,שחקן,http://www.wikidata.org/entity/Q16131699,מיכאל אלוני,תל אביב-יפו,
1970-04-01T00:00:00Z,זכר,nm1249745,שחקן,http://www.wikidata.org/entity/Q7862462,מיכאל וייגל,רמת השרון,
1950-12-01T00:00:00Z,זכר,nm0466206,שחקן,http://www.wikidata.org/entity/Q12409093,מיכאל כורש,רומניה,
1986-03-03T00:00:00Z,זכר,nm0615688,שחקן,http://www.wikidata.org/entity/Q6832937,מיכאל מושונוב,תל אביב-יפו,
1927-01-27T00:00:00Z,זכר,nm0435768,במאי קולנוע,http://www.wikidata.org/entity/Q4209373,מיכאל קאליק,ארכנגלסק,
1962-03-01T00:00:00Z,נקבה,nm0260582,שחקן,http://www.wikidata.org/entity/Q6681857,מיכאלה עשת,חדרה,
1962-04-01T00:00:00Z,זכר,nm0605471,שחקן,http://www.wikidata.org/entity/Q6976922,מיכה אוזין סליאן,פתח תקווה,
1955-01-01T00:00:00Z,נקבה,nm0043109,במאי קולנוע,http://www.wikidata.org/entity/Q6835707,מיכל אביעד,ירושלים,
1975-01-01T00:00:00Z,נקבה,nm1147629,שחקן,http://www.wikidata.org/entity/Q6835706,מיכל אמדורסקי,תל אביב-יפו,
1945-03-02T00:00:00Z,נקבה,nm0060634,שחקן,http://www.wikidata.org/entity/Q6988917,מיכל בת-אדם,עפולה,
1980-06-01T00:00:00Z,נקבה,nm2275996,שחקן,http://www.wikidata.org/entity/Q6845386,מיכל גבריאלוב,חולון,
1976-03-12T00:00:00Z,נקבה,nm3269656,במאי קולנוע,http://www.wikidata.org/entity/Q24950627,מיכל ויניק,חיפה,
1968-04-30T00:00:00Z,נקבה,nm0957615,שחקן,http://www.wikidata.org/entity/Q6800540,מיכל זוארץ,ישראל,
1972-06-18T00:00:00Z,נקבה,nm0946170,שחקן,http://www.wikidata.org/entity/Q6835849,מיכל ינאי,רמת גן,
1978-11-01T00:00:00Z,נקבה,nm2228509,שחקן,http://www.wikidata.org/entity/Q6811413,מיכל שטמלר,חולון,
1972-03-30T00:00:00Z,נקבה,nm0000815,במאי קולנוע,http://www.wikidata.org/entity/Q235146,מילי אביטל,ירושלים,
1973-09-20T00:00:00Z,זכר,nm1573064,שחקן,http://www.wikidata.org/entity/Q6935884,מיקי לאון,בת ים,
1955-06-17T00:00:00Z,נקבה,nm0436345,שחקן,http://www.wikidata.org/entity/Q7062270,מיקי קם,מנרה,
1975-06-11T00:00:00Z,נקבה,nm0043384,שחקן,http://www.wikidata.org/entity/Q236056,מירה עווד,כרמיאל,
1978-05-03T00:00:00Z,נקבה,nm2336721,שחקן קולנוע,http://www.wikidata.org/entity/Q441232,מירי מסיקה,הרצליה,
1945-05-30T00:00:00Z,זכר,nm0403374,במאי קולנוע,http://www.wikidata.org/entity/Q284051,מכרם ח'ורי,ירושלים,
1957-08-09T00:00:00Z,נקבה,nm0000429,שחקן,http://www.wikidata.org/entity/Q176455,מלאני גריפית',ניו יורק,
1971-12-01T00:00:00Z,נקבה,nm1169990,שחקן,http://www.wikidata.org/entity/Q96503,מלאני פרס,ברלין,
1980-05-23T00:00:00Z,נקבה,nm1363885,שחקן,http://www.wikidata.org/entity/Q4961881,מלי לוי,ירושלים,
1929-05-31T00:00:00Z,זכר,nm0324875,במאי קולנוע,http://www.wikidata.org/entity/Q542003,מנחם גולן,טבריה,
1980-01-29T00:00:00Z,נקבה,nm0052757,שחקן,http://www.wikidata.org/entity/Q2910861,יעל בר זוהר,תל אביב-יפו,
1984-05-31T00:00:00Z,נקבה,nm4141803,שחקן,http://www.wikidata.org/entity/Q8046623,יעל גרובגלס,פריז,
1968-02-06T00:00:00Z,נקבה,nm0352619,שחקן,http://www.wikidata.org/entity/Q6818695,יעל הדר,רמת גן,
1976-01-01T00:00:00Z,נקבה,nm2478131,במאי קולנוע,http://www.wikidata.org/entity/Q6637991,יעל חרסונסקי,ישראל,
1983-05-26T00:00:00Z,נקבה,nm3729671,שחקן,http://www.wikidata.org/entity/Q13577162,יעל טל,תל אביב-יפו,
1979-11-26T00:00:00Z,נקבה,nm5070566,במאי קולנוע,http://www.wikidata.org/entity/Q21663091,יעל קיים,תל אביב-יפו,
1931-03-28T00:00:00Z,זכר,nm0091046,שחקן קולנוע,http://www.wikidata.org/entity/Q8046288,יעקב בודו,שטפנשט,
1919-01-01T00:00:00Z,זכר,nm0051531,שחקן,http://www.wikidata.org/entity/Q6700084,יעקב בנאי,ירושלים,
1950-09-11T00:00:00Z,זכר,nm0326397,במאי קולנוע,http://www.wikidata.org/entity/Q6883638,יעקב גולדווסר,תל אביב-יפו,
1958-09-01T00:00:00Z,זכר,nm0169828,שחקן,http://www.wikidata.org/entity/Q6967241,יעקב כהן (שחקן),מרוקו,
1988-08-28T00:00:00Z,נקבה,nm3529761,שחקן,http://www.wikidata.org/entity/Q12408218,יערה פלציג,ירושלים,
1972-01-01T00:00:00Z,זכר,nm1441832,שחקן,http://www.wikidata.org/entity/Q6975088,יפתח קליין,תל אביב-יפו,
1958-07-17T00:00:00Z,זכר,nm0441955,שחקן,http://www.wikidata.org/entity/Q390091,יפתח קצור,ישראל,
1968-02-08T00:00:00Z,זכר,nm0789343,שחקן,http://www.wikidata.org/entity/Q15676192,יצחק שארי,פאס,
1951-04-17T00:00:00Z,זכר,nm0948859,במאי קולנוע,http://www.wikidata.org/entity/Q8047277,יקי יושע,תל אביב-יפו,
1970-03-09T00:00:00Z,נקבה,nm0052736,שחקן,http://www.wikidata.org/entity/Q12408304,ירדן בר-כוכבא,תל אביב-יפו,
1940-08-24T00:00:00Z,זכר,nm0518798,שחקן,http://www.wikidata.org/entity/Q5870601,ירון לונדון,תל אביב-יפו,
1973-01-01T00:00:00Z,זכר,nm1760871,במאי קולנוע,http://www.wikidata.org/entity/Q1691458,ירון שני,תל אביב-יפו,
1973-11-22T00:00:00Z,זכר,nm0324872,שחקן,http://www.wikidata.org/entity/Q6995835,ישי גולן,רמת גן,
1957-04-04T00:00:00Z,זכר,nm0198810,שחקן,http://www.wikidata.org/entity/Q4157473,ישראל דמידוב,טשקנט,
1941-07-07T00:00:00Z,זכר,nm0689082,שחקן,http://www.wikidata.org/entity/Q8053866,ישראל פוליאקוב,ירושלים,
1968-04-10T00:00:00Z,זכר,nm1670249,שחקן קולנוע,http://www.wikidata.org/entity/Q1674610,ישראל קטורזה,נאנטר,
1921-07-29T00:00:00Z,זכר,nm0003408,במאי קולנוע,http://www.wikidata.org/entity/Q170256,כריס מרקר,ניי-סיר-סן,
1956-04-08T00:00:00Z,נקבה,nm0092381,שחקן,http://www.wikidata.org/entity/Q431146,כריסטין בויסון,סלון דה פרובאנס,
1963-09-30T00:00:00Z,נקבה,nm0551290,שחקן,http://www.wikidata.org/entity/Q3002890,כריסטינה מרסיליאק,מדריד,
1945-09-15T00:00:00Z,נקבה,nm0560962,שחקן,http://www.wikidata.org/entity/Q234807,כרמן מאורה,מדריד,
1978-05-24T00:00:00Z,זכר,nm1515156,שחקן,http://www.wikidata.org/entity/Q2894488,לאון פרודובסקי,סנקט פטרבורג,
1954-01-22T00:00:00Z,זכר,nm0946473,שחקן,http://www.wikidata.org/entity/Q4538670,לאוניד ירמולניק,"Pogranichny, Primorsky Krai",
1954-01-22T00:00:00Z,זכר,nm0946473,שחקן,http://www.wikidata.org/entity/Q4538670,לאוניד ירמולניק,Grodekovo railway station,
1964-10-22T00:00:00Z,זכר,nm0008506,שחקן,http://www.wikidata.org/entity/Q1341507,לאונל אובלנסקי,פריז,
1947-09-21T00:00:00Z,נקבה,nm0277916,שחקן,http://www.wikidata.org/entity/Q671640,לבנה פינקלשטיין,סופיה,
1985-01-14T00:00:00Z,זכר,nm2991045,שחקן,http://www.wikidata.org/entity/Q3257588,לואי נופי,נצרת,
1973-01-01T00:00:00Z,נקבה,nm0044073,שחקן,http://www.wikidata.org/entity/Q462256,לובנה אזאבל,בריסל,
1945-12-30T00:00:00Z,זכר,nm0442207,שחקן,http://www.wikidata.org/entity/Q183347,לויד קאופמן,ניו יורק,
1982-12-17T00:00:00Z,נקבה,nm0239315,שחקן,http://www.wikidata.org/entity/Q528121,לוסי דובינצ'יק,מוסקבה,
1928-10-01T00:00:00Z,זכר,nm0002131,שחקן,http://www.wikidata.org/entity/Q374045,לורנס הארווי,ינישוק,
1990-01-01T00:00:00Z,נקבה,nm3128226,שחקן,http://www.wikidata.org/entity/Q47147417,לטיסיה איידו,Monts du Forez,
1929-11-30T00:00:00Z,נקבה,nm0447775,שחקן קולנוע,http://www.wikidata.org/entity/Q2778259,ליא קניג,לודז',
1968-12-28T00:00:00Z,זכר,nm0038988,שחקן קולנוע,http://www.wikidata.org/entity/Q1827328,ליאור אשכנזי,רמת גן,
1972-02-13T00:00:00Z,זכר,nm0588829,שחקן,http://www.wikidata.org/entity/Q4678393,ליאור מילר,הרצליה,
1971-11-24T00:00:00Z,זכר,nm2443797,שחקן,http://www.wikidata.org/entity/Q6801618,ליאור רז,ירושלים,
1970-11-01T00:00:00Z,נקבה,nm1728393,שחקן,http://www.wikidata.org/entity/Q18120274,ליאת אקטע,אילת,
1992-11-24T00:00:00Z,נקבה,nm6779063,שחקן,http://www.wikidata.org/entity/Q18203500,ליהי קורנובסקי,תל אביב-יפו,
1992-11-24T00:00:00Z,נקבה,nm6779063,שחקן,http://www.wikidata.org/entity/Q18203500,ליהי קורנובסקי,כפר סבא,
1935-08-22T00:00:00Z,נקבה,nm0619152,שחקן,http://www.wikidata.org/entity/Q12408691,לילית נגר,תל אביב-יפו,
1967-12-01T00:00:00Z,נקבה,nm0326264,שחקן,http://www.wikidata.org/entity/Q7048649,לימור גולדשטיין,תל אביב-יפו,
1980-03-01T00:00:00Z,נקבה,nm1403742,שחקן,http://www.wikidata.org/entity/Q6746127,לירון וייסמן,עפולה,
1972-01-22T00:00:00Z,זכר,nm0506270,שחקן,http://www.wikidata.org/entity/Q6984265,לירון לבו,תמרת,
1957-09-28T00:00:00Z,נקבה,nm0632555,שחקן קולנוע,http://www.wikidata.org/entity/Q25492322,לירון נירגד,ישראל,
1978-05-31T00:00:00Z,נקבה,nm1410326,שחקן,http://www.wikidata.org/entity/Q7047702,לירז צ'רכי,רמלה,
1976-03-21T00:00:00Z,זכר,nm1328075,שחקן,http://www.wikidata.org/entity/Q6790917,חנן סביון,ירושלים,
1944-08-20T00:00:00Z,זכר,nm2761321,שחקן,http://www.wikidata.org/entity/Q3515717,טארק קופטי,נצרת,
1952-12-27T00:00:00Z,נקבה,nm0271165,שחקן קולנוע,http://www.wikidata.org/entity/Q443842,טובה פלדשו,ניו יורק,
1945-12-31T00:00:00Z,זכר,nm0879250,שחקן,http://www.wikidata.org/entity/Q7857144,טוביה צפיר,תל אביב-יפו,
1956-07-09T00:00:00Z,זכר,nm0000158,שחקן,http://www.wikidata.org/entity/Q2263,טום הנקס,קונקורד,
1936-02-01T00:00:00Z,זכר,nm0476004,במאי קולנוע,http://www.wikidata.org/entity/Q366685,טונגצ’ל קורטיז,בילג'יק,
1983-01-29T00:00:00Z,נקבה,nm4054355,שחקן,http://www.wikidata.org/entity/Q6710680,טל טלמון,רמת השרון,
1963-12-20T00:00:00Z,זכר,nm0295383,שחקן,http://www.wikidata.org/entity/Q7678703,טל פרידמן,קריית אתא,
1969-01-01T00:00:00Z,נקבה,nm0791442,במאי קולנוע,http://www.wikidata.org/entity/Q6603669,טלי שמש,ירושלים,
1979-02-13T00:00:00Z,נקבה,nm1632883,שחקן,http://www.wikidata.org/entity/Q3514497,טלי שרון,הוד השרון,
1978-04-27T00:00:00Z,נקבה,nm1731479,במאי קולנוע,http://www.wikidata.org/entity/Q18001820,טליה לביא,פתח תקווה,
1963-11-05T00:00:00Z,זכר,nm0487503,שחקן,http://www.wikidata.org/entity/Q1396120,יאיר לפיד,תל אביב-יפו,
1979-01-01T00:00:00Z,זכר,nm1475034,במאי קולנוע,http://www.wikidata.org/entity/Q7034832,יבגני רומן,מינסק,
1964-12-10T00:00:00Z,נקבה,nm0230243,שחקן,http://www.wikidata.org/entity/Q2600224,יבגניה דודינה,מוהילב,
1958-06-25T00:00:00Z,זכר,nm0620981,שחקן קולנוע,http://www.wikidata.org/entity/Q940225,יגאל נאור,גבעתיים,
1959-08-01T00:00:00Z,זכר,nm0011990,שחקן,http://www.wikidata.org/entity/Q6853989,יגאל עדיקא,ישראל,
1931-01-01T00:00:00Z,זכר,nm0250619,שחקן,http://www.wikidata.org/entity/Q12407812,יהודה אפרוני,תל אביב-יפו,
1945-03-29T00:00:00Z,זכר,nm0054781,במאי קולנוע,http://www.wikidata.org/entity/Q2909679,יהודה ברקן,נתניה,
1979-06-29T00:00:00Z,זכר,nm1106990,שחקן,http://www.wikidata.org/entity/Q1333311,יהודה לוי,פתח תקווה,
1985-10-01T00:00:00Z,זכר,nm4060295,שחקן,http://www.wikidata.org/entity/Q19403745,יהודה נהרי,הרצליה,
1919-11-01T00:00:00Z,זכר,nm0297286,שחקן,http://www.wikidata.org/entity/Q12407836,יהודה פוקס (שחקן),טרנסילבניה,
1959-04-23T00:00:00Z,זכר,nm0755974,שחקן,http://www.wikidata.org/entity/Q1356584,יהונתן סגל,טורונטו,
1939-12-28T00:00:00Z,זכר,nm0304736,שחקן קולנוע,http://www.wikidata.org/entity/Q2091045,יהורם גאון,ירושלים,
1966-01-01T00:00:00Z,זכר,nm4058297,שחקן,http://www.wikidata.org/entity/Q12407878,יואב הייט,נצרת עילית,
1974-08-22T00:00:00Z,זכר,nm2510035,שחקן,http://www.wikidata.org/entity/Q6705698,יואב לוי,בני ברק,
1968-11-01T00:00:00Z,זכר,nm0879251,שחקן,http://www.wikidata.org/entity/Q6924110,יואב צפיר,רמת השרון,
1975-01-01T00:00:00Z,זכר,nm1516376,במאי קולנוע,http://www.wikidata.org/entity/Q8054208,יואב שמיר,תל אביב-יפו,
1971-09-01T00:00:00Z,זכר,nm0781879,שחקן,http://www.wikidata.org/entity/Q3573301,יובל סגל,יובל,
1980-12-06T00:00:00Z,זכר,nm2508175,שחקן,http://www.wikidata.org/entity/Q12407900,יובל סגל (שחקן),תל אביב-יפו,
1985-06-04T00:00:00Z,נקבה,nm2965644,שחקן,http://www.wikidata.org/entity/Q6803173,יובל שרף,תל אביב-יפו,
1989-07-22T00:00:00Z,זכר,nm1699158,שחקן,http://www.wikidata.org/entity/Q9097151,יון תומרקין,יפו,
1962-06-08T00:00:00Z,זכר,nm0007190,שחקן,http://www.wikidata.org/entity/Q264791,יונתן בר גיורא,ירושלים,
1983-08-01T00:00:00Z,זכר,nm2146302,שחקן,http://www.wikidata.org/entity/Q6979180,יונתן ברק,תל אביב-יפו,
1975-03-26T00:00:00Z,זכר,nm2090239,שחקן,http://www.wikidata.org/entity/Q7042706,יונתן עוזיאל,ירושלים,
1955-08-01T00:00:00Z,זכר,nm0155749,שחקן,http://www.wikidata.org/entity/Q6600162,יונתן צ'רצ'י,איראן,
1977-09-03T00:00:00Z,זכר,nm1443543,שחקן,http://www.wikidata.org/entity/Q6650386,יונתן רוזן,חיפה,
1945-08-05T00:00:00Z,זכר,nm0019111,שחקן,http://www.wikidata.org/entity/Q12407961,יוסי אלפי,בצרה,
1933-11-01T00:00:00Z,זכר,nm0333220,שחקן,http://www.wikidata.org/entity/Q12407967,יוסי גרבר,תל אביב-יפו,
1967-03-22T00:00:00Z,זכר,nm0535049,במאי קולנוע,http://www.wikidata.org/entity/Q7212903,יוסי מדמוני,ירושלים,
1937-12-01T00:00:00Z,זכר,nm0781878,שחקן,http://www.wikidata.org/entity/Q6927177,יוסי סגל,חיפה,
1920-01-01T00:00:00Z,זכר,nm0944842,שחקן,http://www.wikidata.org/entity/Q3572713,יוסף ידין,ירושלים,
1933-06-14T00:00:00Z,זכר,nm0138520,שחקן,http://www.wikidata.org/entity/Q1229720,יוסף כרמון,ראדום,
1901-11-22T00:00:00Z,זכר,nm0500837,במאי קולנוע,http://www.wikidata.org/entity/Q1095431,יוסף לייטס,ורשה,
1968-08-31T00:00:00Z,זכר,nm0147737,במאי קולנוע,http://www.wikidata.org/entity/Q609873,יוסף סידר,ניו יורק,
1941-07-09T00:00:00Z,זכר,nm0793498,שחקן קולנוע,http://www.wikidata.org/entity/Q657077,יוסף שילוח,איראן,
1924-05-27T00:00:00Z,זכר,nm0787738,במאי קולנוע,http://www.wikidata.org/entity/Q6996336,יוסף שלחין,בלגיה,
1932-08-10T00:00:00Z,זכר,nm0392460,שחקן קולנוע,http://www.wikidata.org/entity/Q1717287,יורגן שולץ,ברלין,
1926-10-18T00:00:00Z,זכר,nm0343518,במאי קולנוע,http://www.wikidata.org/entity/Q54855,יורם גרוס,קרקוב,
1974-02-08T00:00:00Z,זכר,nm0493787,שחקן,http://www.wikidata.org/entity/Q8051243,יחזקאל לזרוב,תל אביב-יפו,
1967-07-19T00:00:00Z,נקבה,nm0008404,שחקן,http://www.wikidata.org/entity/Q460358,יעל אבקסיס,אשקלון,
1983-10-20T00:00:00Z,נקבה,nm1151597,שחקן,http://www.wikidata.org/entity/Q3014912,דניאלה וירצר,רמת גן,
1989-03-11T00:00:00Z,נקבה,nm2020146,שחקן,http://www.wikidata.org/entity/Q6580510,דניאלה קרטס,ירושלים,
1956-03-13T00:00:00Z,נקבה,nm0035549,שחקן,http://www.wikidata.org/entity/Q12405880,דפנה ארמוני,רביבים,
1966-05-07T00:00:00Z,נקבה,nm0215231,שחקן,http://www.wikidata.org/entity/Q455888,דפנה דקל,אשדוד,
1965-07-15T00:00:00Z,נקבה,nm0714470,שחקן,http://www.wikidata.org/entity/Q7008318,דפנה רכטר,ישראל,
1964-04-01T00:00:00Z,זכר,nm0449285,שחקן,http://www.wikidata.org/entity/Q12405898,דרור קרן,גבעת המורה,
1971-06-28T00:00:00Z,זכר,nm0789496,במאי קולנוע,http://www.wikidata.org/entity/Q1260345,דרור שאול,כיסופים,
1947-06-18T00:00:00Z,זכר,nm0957193,שחקן,http://www.wikidata.org/entity/Q67881,האנס זישלר,נירנברג,
1929-09-20T00:00:00Z,זכר,nm0902026,שחקן קולנוע,http://www.wikidata.org/entity/Q96095,האנס פון בורסודי,וינה,
1979-03-10T00:00:00Z,נקבה,nm2132387,שחקן,http://www.wikidata.org/entity/Q12406426,הגר בן-אשר,הוד השרון,
1990-09-21T00:00:00Z,נקבה,nm2481725,שחקן,http://www.wikidata.org/entity/Q4538741,הדס ירון,ישראל,
1975-12-01T00:00:00Z,נקבה,nm0435619,שחקן,http://www.wikidata.org/entity/Q12406436,הדס קלדרון,תל אביב-יפו,
1936-03-01T00:00:00Z,זכר,nm0946411,שחקן,http://www.wikidata.org/entity/Q6986568,הוגו ירדן,ברזיל,
1960-11-30T00:00:00Z,נקבה,nm0007814,שחקן,http://www.wikidata.org/entity/Q177993,היאם עבאס,נצרת,
1973-08-19T00:00:00Z,נקבה,nm1364442,שחקן,http://www.wikidata.org/entity/Q12406576,הילה סורג'ון פישר,חיפה,
1982-10-12T00:00:00Z,נקבה,nm4086400,שחקן,http://www.wikidata.org/entity/Q12406574,הילה סעדה,מגדל העמק,
1985-02-14T00:00:00Z,נקבה,nm1151744,שחקן,http://www.wikidata.org/entity/Q1513557,הילי ילון,ירושלים,
1955-10-10T00:00:00Z,זכר,nm0320762,שחקן,http://www.wikidata.org/entity/Q1620037,היפוליט גיררדו,בולון-בילנקור,
1871-02-18T00:00:00Z,זכר,nm0503814,במאי קולנוע,http://www.wikidata.org/entity/Q124434,הלמר לרסקי,שטרסבורג,
1964-12-09T00:00:00Z,נקבה,nm1111362,שחקן,http://www.wikidata.org/entity/Q12406670,הלנה ירלובה,קייב,
1979-04-28T00:00:00Z,זכר,nm2553463,שחקן קולנוע,http://www.wikidata.org/entity/Q4153569,הנרי דוד,באקו,
1927-03-25T00:00:00Z,זכר,nm0299439,שחקן קולנוע,http://www.wikidata.org/entity/Q85823,הרברט פוקס,האליין,
1973-07-03T00:00:00Z,זכר,nm1753888,שחקן,http://www.wikidata.org/entity/Q16130447,הרצל טובי,גיברלטר,
1959-01-06T00:00:00Z,נקבה,nm0082699,במאי קולנוע,http://www.wikidata.org/entity/Q3557811,וידי בילו,ירושלים,
1959-06-20T00:00:00Z,זכר,nm0295393,שחקן,http://www.wikidata.org/entity/Q4492743,ולדימיר פרידמן,קורסק,
1934-08-14T00:00:00Z,זכר,nm0229943,שחקן קולנוע,http://www.wikidata.org/entity/Q205868,ורנון דובטשף,נים,
1944-04-08T00:00:00Z,זכר,nm0071114,שחקן,http://www.wikidata.org/entity/Q1685364,ז'אן בן-גיגי,אוראן,
1928-01-23T00:00:00Z,נקבה,nm0603402,שחקן,http://www.wikidata.org/entity/Q106099,ז'אן מורו,פריז,
1964-03-09T00:00:00Z,נקבה,nm0000300,שחקן,http://www.wikidata.org/entity/Q106275,ז'ולייט בינוש,פריז,
1924-08-17T00:00:00Z,זכר,nm0259506,שחקן קולנוע,http://www.wikidata.org/entity/Q1678002,ז'ק הרלין,Le Vésinet,
1948-12-27T00:00:00Z,זכר,nm0000367,במאי קולנוע,http://www.wikidata.org/entity/Q106508,ז'ראר דפארדיה,שאטורו,
1940-01-01T00:00:00Z,זכר,nm0720745,שחקן,http://www.wikidata.org/entity/Q2599101,זאב רווח,מרוקו,
1977-09-01T00:00:00Z,זכר,nm1922254,שחקן,http://www.wikidata.org/entity/Q6723196,זהר ליבה,נואיבה,
1972-03-04T00:00:00Z,זכר,nm1364521,שחקן,http://www.wikidata.org/entity/Q8073451,זהר שטראוס,חיפה,
1958-11-12T00:00:00Z,זכר,nm0577841,שחקן,http://www.wikidata.org/entity/Q1265121,זילבר מלכי,פריז,
1965-09-27T00:00:00Z,זכר,nm0954704,שחקן,http://www.wikidata.org/entity/Q391974,"זם, רושדי",ז'נוויליה,
1963-01-01T00:00:00Z,זכר,nm0505448,במאי קולנוע,http://www.wikidata.org/entity/Q2777387,חגי לוי,שעלבים,
1931-09-20T00:00:00Z,נקבה,nm0361823,שחקן קולנוע,http://www.wikidata.org/entity/Q238391,חיה הררית,חיפה,
1952-06-16T00:00:00Z,זכר,nm0100509,במאי קולנוע,http://www.wikidata.org/entity/Q16132547,חיים בוזגלו,ירושלים,
1937-05-01T00:00:00Z,זכר,nm0051524,שחקן,http://www.wikidata.org/entity/Q6931644,חיים בנאי,ירושלים,
1923-10-09T00:00:00Z,זכר,nm0332679,במאי קולנוע,http://www.wikidata.org/entity/Q2661005,חיים גורי,תל אביב-יפו,
1935-09-09T00:00:00Z,זכר,nm0867694,שחקן,http://www.wikidata.org/entity/Q319133,חיים טופול,תל אביב-יפו,
1954-05-25T00:00:00Z,נקבה,nm0318404,שחקן,http://www.wikidata.org/entity/Q5089935,חלי גולדנברג,תל אביב-יפו,
1991-01-20T00:00:00Z,נקבה,nm6416860,שחקן,http://www.wikidata.org/entity/Q17523659,חן אמסלם,עפולה,
1960-06-29T00:00:00Z,נקבה,nm0044384,שחקן,http://www.wikidata.org/entity/Q7062697,חנה אזולאי-הספרי,באר שבע,
1953-06-14T00:00:00Z,נקבה,nm0489713,שחקן קולנוע,http://www.wikidata.org/entity/Q287420,חנה לסלאו,יפו,
1923-11-22T00:00:00Z,נקבה,nm0581116,שחקן קולנוע,http://www.wikidata.org/entity/Q70162,חנה מרון,ברלין,
1943-12-25T00:00:00Z,נקבה,nm0778016,שחקן קולנוע,http://www.wikidata.org/entity/Q28921,חנה שיגולה,חוז'וב,
1959-04-09T00:00:00Z,נקבה,nm0619591,שחקן,http://www.wikidata.org/entity/Q5649299,חני נחמיאס,תל אביב-יפו,
1979-09-14T00:00:00Z,נקבה,nm1139455,שחקן,http://www.wikidata.org/entity/Q5648161,חני פירסטנברג,ישראל,
1981-12-01T00:00:00Z,נקבה,nm1249029,שחקן,http://www.wikidata.org/entity/Q12404931,גילי סער,חדרה,
1973-01-01T00:00:00Z,זכר,nm0795956,שחקן,http://www.wikidata.org/entity/Q6259840,גילי שושן,תל אביב-יפו,
1955-10-01T00:00:00Z,נקבה,nm0030184,שחקן,http://www.wikidata.org/entity/Q6989754,גילת אנקורי,ארצות הברית,
1985-04-30T00:00:00Z,נקבה,nm2933757,שחקן,http://www.wikidata.org/entity/Q185654,גל גדות,ראש העין,
1953-12-29T00:00:00Z,נקבה,nm0040300,שחקן קולנוע,http://www.wikidata.org/entity/Q231654,גלי עטרי,רחובות,
1971-01-01T00:00:00Z,נקבה,nm0316418,שחקן,http://www.wikidata.org/entity/Q6955599,גלית גיאת,גבעת שמואל,
1973-07-01T00:00:00Z,זכר,nm1495361,שחקן,http://www.wikidata.org/entity/Q16132373,גרא סנדלר,ברית המועצות,
1929-04-11T00:00:00Z,זכר,nm0305488,שחקן קולנוע,http://www.wikidata.org/entity/Q466434,"גרסין, הנרי,",אנטוורפן,
1982-04-03T00:00:00Z,נקבה,nm0412404,שחקן,http://www.wikidata.org/entity/Q528853,דאנה איבגי,ישראל,
1959-06-15T00:00:00Z,זכר,nm0623128,שחקן,http://www.wikidata.org/entity/Q12405647,דב נבון,תל אביב-יפו,
1969-12-29T00:00:00Z,זכר,nm0051676,שחקן,http://www.wikidata.org/entity/Q1268310,דביר בנדק,קריית ים,
1948-03-03T00:00:00Z,זכר,nm0301534,שחקן,http://www.wikidata.org/entity/Q7007247,דובי גל,נתניה,
1966-12-08T00:00:00Z,זכר,nm0467017,במאי קולנוע,http://www.wikidata.org/entity/Q2906571,דובר קוסאשווילי,גאורגיה,
1934-02-21T00:00:00Z,זכר,nm0043117,שחקן,http://www.wikidata.org/entity/Q706526,דוד אבידן,תל אביב-יפו,
1928-09-25T00:00:00Z,זכר,nm0202832,שחקן,http://www.wikidata.org/entity/Q16129927,דוד ברוך,סופיה,
1930-06-09T00:00:00Z,זכר,nm0674261,במאי קולנוע,http://www.wikidata.org/entity/Q1408673,דוד פרלוב,ריו דה ז'ניירו,
1948-09-20T00:00:00Z,זכר,nm0234517,שחקן,http://www.wikidata.org/entity/Q7055179,דודו דותן,חיפה,
1946-09-20T00:00:00Z,זכר,nm0867630,שחקן קולנוע,http://www.wikidata.org/entity/Q1263812,דודו טופז,חיפה,
1977-02-10T00:00:00Z,זכר,nm1381793,שחקן,http://www.wikidata.org/entity/Q12405747,דודו טסה,תל אביב-יפו,
1931-01-01T00:00:00Z,זכר,nm0806372,שחקן,http://www.wikidata.org/entity/Q7013129,דודיק סמדר,חיפה,
1977-10-01T00:00:00Z,זכר,nm3232468,במאי קולנוע,http://www.wikidata.org/entity/Q6778704,דויד בן ארי,באר שבע,
1960-10-01T00:00:00Z,זכר,nm0959008,שחקן,http://www.wikidata.org/entity/Q7069121,דור צויגנבום,חיפה,
1954-03-28T00:00:00Z,זכר,nm0626410,שחקן,http://www.wikidata.org/entity/Q7042569,דורון נשר,רעננה,
1982-04-29T00:00:00Z,זכר,nm4285949,שחקן קולנוע,http://www.wikidata.org/entity/Q6585260,דורון עמית,ישראל,
1955-06-20T00:00:00Z,זכר,nm0258589,במאי קולנוע,http://www.wikidata.org/entity/Q12405771,דורון ערן,תל אביב-יפו,
1964-03-08T00:00:00Z,זכר,nm0874595,שחקן,http://www.wikidata.org/entity/Q6993464,דורון צברי,חיפה,
1952-07-02T00:00:00Z,זכר,nm0851788,שחקן,http://www.wikidata.org/entity/Q1246107,דורון תבורי,חיפה,
1984-01-01T00:00:00Z,זכר,nm3561877,שחקן,http://www.wikidata.org/entity/Q3036966,דוריד לידאווי,נצרת,
1975-01-01T00:00:00Z,נקבה,nm2046711,שחקן,http://www.wikidata.org/entity/Q5298017,דורית בר-אור,ישראל,
2000-01-01T00:00:00Z,נקבה,nm0233972,שחקן,http://www.wikidata.org/entity/Q1226174,דינה דורון,עפולה,
1947-01-01T00:00:00Z,נקבה,nm0726952,במאי קולנוע,http://www.wikidata.org/entity/Q6761893,דינה צבי-ריקליס,רמת גן,
1973-01-08T00:00:00Z,נקבה,nm4635926,שחקן,http://www.wikidata.org/entity/Q12405808,דיקלה,באר שבע,
1942-10-12T00:00:00Z,נקבה,nm0492002,שחקן קולנוע,http://www.wikidata.org/entity/Q274158,דליה לביא,שבי ציון,
1962-05-03T00:00:00Z,נקבה,nm0793703,שחקן,http://www.wikidata.org/entity/Q6994241,דליה שימקו,נובה זמקי,
1951-08-10T00:00:00Z,זכר,nm0901684,שחקן,http://www.wikidata.org/entity/Q7063528,דליק ווליניץ,רחובות,
1924-04-13T00:00:00Z,זכר,nm0069895,שחקן,http://www.wikidata.org/entity/Q536579,דן בן אמוץ,רובנו,
1941-10-28T00:00:00Z,זכר,nm0938630,שחקן,http://www.wikidata.org/entity/Q5214611,דן וולמן,ירושלים,
1982-10-10T00:00:00Z,זכר,nm1405398,שחקן,http://www.wikidata.org/entity/Q958385,דן סטיבנס,קרוידון,
1958-10-17T00:00:00Z,זכר,nm0868072,שחקן,http://www.wikidata.org/entity/Q6609639,דן תורג'מן,ירושלים,
1960-10-17T00:00:00Z,זכר,nm0867936,שחקן,http://www.wikidata.org/entity/Q12405841,דן תורן,ישראל,
1970-11-02T00:00:00Z,נקבה,nm0074148,שחקן,http://www.wikidata.org/entity/Q433246,דנה ברגר,חיפה,
1987-02-01T00:00:00Z,נקבה,nm2601667,שחקן,http://www.wikidata.org/entity/Q7060832,דנה פרידר,ראשון לציון,
1962-05-14T00:00:00Z,זכר,nm0396812,שחקן,http://www.wikidata.org/entity/Q357762,דני יוסטון,רומא,
1943-06-30T00:00:00Z,זכר,nm0514320,שחקן,http://www.wikidata.org/entity/Q3701528,דני ליטני,חיפה,
1970-06-22T00:00:00Z,זכר,nm1836981,במאי קולנוע,http://www.wikidata.org/entity/Q5216242,דני מנקין,תל אביב-יפו,
1971-03-04T00:00:00Z,זכר,nm0843491,במאי קולנוע,http://www.wikidata.org/entity/Q2907390,דני סירקין,מוסקבה,
1955-01-01T00:00:00Z,זכר,nm0782027,שחקן,http://www.wikidata.org/entity/Q6573525,דני שגב,ישראל,
1966-11-12T00:00:00Z,זכר,nm0795464,שחקן,http://www.wikidata.org/entity/Q16130933,דני שטג,חיפה,
1990-01-01T00:00:00Z,זכר,nm3581671,שחקן,http://www.wikidata.org/entity/Q17523668,דניאל גד,רחובות,
1950-01-01T00:00:00Z,זכר,nm0200417,במאי קולנוע,http://www.wikidata.org/entity/Q5220050,דניאל דניאל,חיפה,
1962-12-17T00:00:00Z,זכר,nm0284369,במאי קולנוע,http://www.wikidata.org/entity/Q653645,ארי פולמן,חיפה,
1921-04-01T00:00:00Z,זכר,nm0019536,שחקן,http://www.wikidata.org/entity/Q12404234,אריה אליאס,בגדאד,
1918-01-30T00:00:00Z,זכר,nm0481605,במאי קולנוע,http://www.wikidata.org/entity/Q445188,אריה להולה,פרשוב,
1947-07-01T00:00:00Z,זכר,nm0608761,שחקן,http://www.wikidata.org/entity/Q12404254,אריה מוסקונה,בולגריה,
1957-03-01T00:00:00Z,זכר,nm0155888,שחקן,http://www.wikidata.org/entity/Q12404260,אריה צ'רנר,רמלה,
1939-01-03T00:00:00Z,זכר,nm0251870,שחקן,http://www.wikidata.org/entity/Q509660,אריק איינשטיין,תל אביב-יפו,
1957-02-01T00:00:00Z,זכר,nm0899070,במאי קולנוע,http://www.wikidata.org/entity/Q4111878,אריק קפלון,בלגורוד,
1912-11-08T00:00:00Z,זכר,nm0501703,שחקן,http://www.wikidata.org/entity/Q1356407,ארנסט לנרט,סן סלוודור,
1967-08-20T00:00:00Z,זכר,nm0449316,במאי קולנוע,http://www.wikidata.org/entity/Q378882,אתגר קרת,רמת גן,
1963-01-04T00:00:00Z,נקבה,nm0030188,שחקן קולנוע,http://www.wikidata.org/entity/Q467369,אתי אנקרי,לוד,
1943-11-08T00:00:00Z,זכר,nm0203246,במאי קולנוע,http://www.wikidata.org/entity/Q887614,בועז דוידזון,תל אביב-יפו,
1980-03-27T00:00:00Z,זכר,nm2865678,שחקן,http://www.wikidata.org/entity/Q3575461,בכרי זיאד,יפו,
1989-01-26T00:00:00Z,נקבה,nm2348039,שחקן,http://www.wikidata.org/entity/Q3634472,בר בלפר,תל אביב-יפו,
1985-06-04T00:00:00Z,נקבה,nm2064685,שחקן,http://www.wikidata.org/entity/Q298197,בר רפאלי,הוד השרון,
1948-11-20T00:00:00Z,נקבה,nm0376706,שחקן,http://www.wikidata.org/entity/Q807482,ברברה הנדריקס,סטפנס,
1948-02-05T00:00:00Z,נקבה,nm0001347,שחקן,http://www.wikidata.org/entity/Q229042,ברברה הרשי,הוליווד,
1895-02-18T00:00:00Z,זכר,nm0012807,במאי קולנוע,http://www.wikidata.org/entity/Q2909468,ברוך אגדתי,בסרביה,
1941-03-22T00:00:00Z,זכר,nm0004486,שחקן קולנוע,http://www.wikidata.org/entity/Q123206,ברונו גנץ,ציריך,
1988-05-01T00:00:00Z,נקבה,nm3963151,שחקן קולנוע,http://www.wikidata.org/entity/Q6646483,בת-אל פאפורה,רומניה,
1970-05-27T00:00:00Z,זכר,nm0001212,שחקן,http://www.wikidata.org/entity/Q223790,ג'וזף פיינס,סולסברי,
1994-03-03T00:00:00Z,נקבה,nm2380472,שחקן,http://www.wikidata.org/entity/Q18665644,ג'וי ריגר,הרצליה,
1955-06-15T00:00:00Z,נקבה,nm0353546,שחקן קולנוע,http://www.wikidata.org/entity/Q271440,ג'ולי הגרטי,סינסינטי,
1973-03-31T00:00:00Z,נקבה,nm0712208,שחקן,http://www.wikidata.org/entity/Q3189137,ג'ולי-אן רות',צרפת,
1958-05-29T00:00:00Z,זכר,nm0451131,במאי קולנוע,http://www.wikidata.org/entity/Q455584,ג'וליאנו מר,נצרת,
1914-01-30T00:00:00Z,זכר,nm0409869,שחקן,http://www.wikidata.org/entity/Q395494,ג'ון אירלנד,ונקובר,
1949-04-14T00:00:00Z,זכר,nm0790291,במאי קולנוע,http://www.wikidata.org/entity/Q28151,ג'ון שיאה,North Conway,
1979-01-01T00:00:00Z,זכר,nm5921545,שחקן קולנוע,http://www.wikidata.org/entity/Q16638863,ג'ורג' אסקנדר,חיפה,
1906-07-03T00:00:00Z,זכר,nm0001695,שחקן,http://www.wikidata.org/entity/Q296491,ג'ורג' סנדרס,סנקט פטרבורג,
1915-01-01T00:00:00Z,זכר,nm0643136,במאי קולנוע,http://www.wikidata.org/entity/Q6878368,ג'ורג' עובדיה,עיראק,
1915-01-01T00:00:00Z,זכר,nm0643136,במאי קולנוע,http://www.wikidata.org/entity/Q6878368,ג'ורג' עובדיה,בגדאד,
1925-01-01T00:00:00Z,זכר,nm0643136,במאי קולנוע,http://www.wikidata.org/entity/Q6878368,ג'ורג' עובדיה,עיראק,
1925-01-01T00:00:00Z,זכר,nm0643136,במאי קולנוע,http://www.wikidata.org/entity/Q6878368,ג'ורג' עובדיה,בגדאד,
1971-06-20T00:00:00Z,זכר,nm0524197,שחקן,http://www.wikidata.org/entity/Q53651,ג'וש לוקאס,ליטל רוק,
1971-09-15T00:00:00Z,זכר,nm0001038,שחקן,http://www.wikidata.org/entity/Q472282,ג'וש צ'ארלס,בולטימור,
1976-05-22T00:00:00Z,נקבה,nm0354621,שחקן,http://www.wikidata.org/entity/Q1527527,ג'יזל סילבר,כרמיאל,
1910-09-14T00:00:00Z,זכר,nm0370144,שחקן,http://www.wikidata.org/entity/Q26118,ג'ק הוקינס,ווד גרין,
1934-10-22T00:00:00Z,זכר,nm0025381,שחקן,http://www.wikidata.org/entity/Q12404826,גבי עמרני,ירושלים,
1971-04-19T00:00:00Z,זכר,nm0255362,שחקן קולנוע,http://www.wikidata.org/entity/Q318991,גד אלמלח,קזבלנקה,
1947-06-26T00:00:00Z,זכר,nm0445124,שחקן,http://www.wikidata.org/entity/Q828127,גד קינר,תל אביב-יפו,
1947-06-26T00:00:00Z,זכר,nm5265590,שחקן,http://www.wikidata.org/entity/Q828127,גד קינר,תל אביב-יפו,
1926-06-29T00:00:00Z,זכר,nm0801944,שחקן קולנוע,http://www.wikidata.org/entity/Q1523143,גדעון זינגר,ברנו,
1928-05-24T00:00:00Z,זכר,nm0791435,שחקן,http://www.wikidata.org/entity/Q6821445,גדעון שמר,תל אביב-יפו,
1927-06-29T00:00:00Z,זכר,nm0442332,שחקן,http://www.wikidata.org/entity/Q6793251,גדעון שמר,גורלסטון,
1978-07-09T00:00:00Z,זכר,nm1519079,במאי קולנוע,http://www.wikidata.org/entity/Q12404903,גיא דוידי,יפו,
1973-03-21T00:00:00Z,זכר,nm1146567,שחקן,http://www.wikidata.org/entity/Q7036189,גיא זו-ארץ,תל אביב-יפו,
1977-03-01T00:00:00Z,זכר,nm0024950,שחקן,http://www.wikidata.org/entity/Q6621912,גיא עמיר,ישראל,
1950-08-04T00:00:00Z,זכר,nm0332807,שחקן,http://www.wikidata.org/entity/Q5278573,גידי גוב,רחובות,
1960-04-29T00:00:00Z,זכר,nm0022073,שחקן,http://www.wikidata.org/entity/Q18042123,גיל אלון,רמת גן,
1997-03-03T00:00:00Z,זכר,nm5217490,שחקן,http://www.wikidata.org/entity/Q16132028,גיל בלנק,רמת השרון,
1939-07-22T00:00:00Z,נקבה,nm0021734,שחקן,http://www.wikidata.org/entity/Q450602,גילה אלמגור,פתח תקווה,
1961-09-08T00:00:00Z,נקבה,nm0783092,שחקן,http://www.wikidata.org/entity/Q4413503,אירינה סלזניובה,קייב,
1941-06-19T00:00:00Z,נקבה,nm0677860,שחקן,http://www.wikidata.org/entity/Q957670,אירינה פטרסקו,בוקרשט,
1968-11-10T00:00:00Z,נקבה,nm5021109,שחקן,http://www.wikidata.org/entity/Q2048477,אישתאר,קריית אתא,
1980-03-23T00:00:00Z,זכר,nm1553954,שחקן,http://www.wikidata.org/entity/Q1675238,איתי טיראן,פתח תקווה,
1983-10-01T00:00:00Z,זכר,nm1288784,שחקן,http://www.wikidata.org/entity/Q7028413,איתי תורג'מן,קריית מלאכי,
1951-08-21T00:00:00Z,זכר,nm0337820,במאי קולנוע,http://www.wikidata.org/entity/Q12403869,איתן גרין,אפיקים,
1964-08-21T00:00:00Z,זכר,nm0297202,במאי קולנוע,http://www.wikidata.org/entity/Q450309,איתן פוקס,ניו יורק,
1952-01-17T00:00:00Z,זכר,nm0255816,שחקן,http://www.wikidata.org/entity/Q12403885,אלברט אילוז,פאס,
1932-01-01T00:00:00Z,זכר,nm0169183,שחקן,http://www.wikidata.org/entity/Q6935084,אלברט כהן,ממלכת בולגריה,
1993-02-01T00:00:00Z,נקבה,nm2318449,שחקן,http://www.wikidata.org/entity/Q17523661,אלה ארמוני,ישראל,
1973-05-10T00:00:00Z,נקבה,nm0381419,שחקן,http://www.wikidata.org/entity/Q3588004,אלודי השם,טרואה,
1965-05-28T00:00:00Z,זכר,nm0009530,שחקן,http://www.wikidata.org/entity/Q2438420,אלון אבוטבול,קריית אתא,
1950-06-15T00:00:00Z,זכר,nm0646221,שחקן,http://www.wikidata.org/entity/Q12403901,אלון אולארצ'יק,ורשה,
1967-04-01T00:00:00Z,זכר,nm0626974,שחקן,http://www.wikidata.org/entity/Q6990059,אלון נוימן,חיפה,
1979-11-30T00:00:00Z,נקבה,nm3506064,שחקן,http://www.wikidata.org/entity/Q2832663,אלונה איב,סנקט פטרבורג,
1936-06-07T00:00:00Z,נקבה,nm0251869,שחקן,http://www.wikidata.org/entity/Q6793650,אלונה איינשטיין,כפר גלעדי,
1983-10-20T00:00:00Z,נקבה,nm1775214,שחקן,http://www.wikidata.org/entity/Q263433,אלונה טל,הרצליה,
1966-01-01T00:00:00Z,נקבה,nm0453947,שחקן,http://www.wikidata.org/entity/Q271816,אלונה קמחי,לבוב,
1952-08-01T00:00:00Z,זכר,nm0330832,שחקן,http://www.wikidata.org/entity/Q12403917,אלי גורנשטיין,תל אביב-יפו,
1948-10-12T00:00:00Z,זכר,nm0200294,שחקן,http://www.wikidata.org/entity/Q929891,אלי דנקר,ישראל,
1940-12-18T00:00:00Z,זכר,nm0169348,שחקן,http://www.wikidata.org/entity/Q5360191,אלי כהן (במאי),חדרה,
1975-07-17T00:00:00Z,זכר,nm1158944,שחקן,http://www.wikidata.org/entity/Q5069783,אלי פיניש,ישראל,
1960-07-28T00:00:00Z,זכר,nm0837839,שחקן,http://www.wikidata.org/entity/Q577569,אליה סולימאן,נצרת,
1976-07-26T00:00:00Z,נקבה,nm0998117,שחקן,http://www.wikidata.org/entity/Q265232,אליס טליוני,Ermont,
1928-06-17T00:00:00Z,נקבה,nm0253717,שחקן קולנוע,http://www.wikidata.org/entity/Q1330746,אלישבע מיכאלי,ישראל,
1939-05-26T00:00:00Z,זכר,nm0030635,שחקן,http://www.wikidata.org/entity/Q6994709,אלכס אנסקי,סופיה,
1953-05-29T00:00:00Z,זכר,nm0008311,שחקן,http://www.wikidata.org/entity/Q461085,אלכסנדר אבדולוב,טובולסק,
1908-11-24T00:00:00Z,זכר,nm0285497,במאי קולנוע,http://www.wikidata.org/entity/Q1257887,אלכסנדר פורד,קייב,
1966-07-04T00:00:00Z,זכר,nm0094526,שחקן קולנוע,http://www.wikidata.org/entity/Q944553,אלסיו בוני,Sarnico,
1953-05-24T00:00:00Z,זכר,nm0000547,שחקן,http://www.wikidata.org/entity/Q296028,אלפרד מולינה,פדינגטון,
1969-02-07T00:00:00Z,נקבה,nm0958494,שחקן,http://www.wikidata.org/entity/Q12404027,אמונה צבי לשם,לונדון,
1971-07-01T00:00:00Z,נקבה,nm0142972,שחקן,http://www.wikidata.org/entity/Q271553,אמירה קאסאר,לונדון,
1969-09-11T00:00:00Z,זכר,nm0279368,שחקן,http://www.wikidata.org/entity/Q12404054,אמנון פישר,פתח תקווה,
1960-05-06T00:00:00Z,נקבה,nm0001594,שחקן,http://www.wikidata.org/entity/Q565692,אן פריו,פריז,
1979-08-01T00:00:00Z,נקבה,nm1622057,שחקן,http://www.wikidata.org/entity/Q12404087,אנה סטפן,סיביר,
1977-02-07T00:00:00Z,זכר,nm2270626,שחקן,http://www.wikidata.org/entity/Q6649409,אנחל בונני,אורוגוואי,
1982-01-01T00:00:00Z,זכר,nm3498879,שחקן,http://www.wikidata.org/entity/Q4775939,אנטון אוסטרובסקי-קלין,נובוצ'רקסק,
1982-06-07T00:00:00Z,נקבה,nm0119804,שחקן,http://www.wikidata.org/entity/Q529532,אניה בוקשטיין,מוסקבה,
1973-10-07T00:00:00Z,נקבה,nm1011262,שחקן,http://www.wikidata.org/entity/Q6591014,אנלי הרפז,רעננה,
1945-11-23T00:00:00Z,זכר,nm0206646,שחקן,http://www.wikidata.org/entity/Q609095,אסי דיין,נהלל,
1974-10-10T00:00:00Z,זכר,nm1093856,שחקן,http://www.wikidata.org/entity/Q4806234,אסי כהן,אשדוד,
1969-09-28T00:00:00Z,נקבה,nm0506339,שחקן,http://www.wikidata.org/entity/Q528914,אסי לוי,תל אביב-יפו,
1964-12-08T00:00:00Z,זכר,nm1095006,שחקן,http://www.wikidata.org/entity/Q6969063,אסף אשתר,חדרה,
1965-11-01T00:00:00Z,נקבה,nm0952297,שחקן,http://www.wikidata.org/entity/Q7066623,אסתי זקהיים,תל אביב-יפו,
1967-01-01T00:00:00Z,נקבה,nm0947685,שחקן,http://www.wikidata.org/entity/Q7015260,אסתי ירושלמי,טהראן,
1924-08-23T00:00:00Z,זכר,nm0457246,שחקן,http://www.wikidata.org/entity/Q167429,אפרים קישון,בודפשט,
1983-11-03T00:00:00Z,נקבה,nm2265235,שחקן,http://www.wikidata.org/entity/Q182083,אפרת גוש,הרצליה,
1967-04-27T00:00:00Z,זכר,nm0043259,שחקן,http://www.wikidata.org/entity/Q2906794,אקי אבני,רחובות,
1970-11-01T00:00:00Z,זכר,nm1121920,שחקן,http://www.wikidata.org/entity/Q6630388,ארז בן הרוש,ישראל,
1974-01-18T00:00:00Z,זכר,nm0846328,במאי קולנוע,http://www.wikidata.org/entity/Q7066522,ארז תדמור,הרצליה,
1956-01-01T00:00:00Z,זכר,nm0595783,במאי קולנוע,http://www.wikidata.org/entity/Q343893,אבי מוגרבי,תל אביב-יפו,
1953-12-13T00:00:00Z,זכר,nm0626409,במאי קולנוע,http://www.wikidata.org/entity/Q2741999,אבי נשר,רמת גן,
1946-10-01T00:00:00Z,זכר,nm0687774,שחקן,http://www.wikidata.org/entity/Q12403303,אבי פניני,תל אביב-יפו,
1982-06-12T00:00:00Z,זכר,nm1983341,שחקן,http://www.wikidata.org/entity/Q6909125,אביב אלוש,קריית ביאליק,
1951-04-01T00:00:00Z,נקבה,nm0313832,שחקן,http://www.wikidata.org/entity/Q19577319,אביבה גר,תל אביב-יפו,
1989-05-01T00:00:00Z,נקבה,nm2162007,שחקן,http://www.wikidata.org/entity/Q6592297,אביגיל הררי,תל אביב-יפו,
1938-06-01T00:00:00Z,זכר,nm0602230,שחקן,http://www.wikidata.org/entity/Q6798592,אבינעם מור-חיים,טורקיה,
1960-01-01T00:00:00Z,זכר,nm1747281,שחקן,http://www.wikidata.org/entity/Q7048227,אברהם אבוטבול,קריית אתא,
1935-05-07T00:00:00Z,זכר,nm0373595,במאי קולנוע,http://www.wikidata.org/entity/Q4829408,אברהם הפנר,חיפה,
1945-05-01T00:00:00Z,זכר,nm0147978,שחקן,http://www.wikidata.org/entity/Q12403393,אברהם סלקטר,בולגריה,
1974-06-16T00:00:00Z,זכר,nm1139133,שחקן,http://www.wikidata.org/entity/Q4682954,אדיר מילר,חולון,
1988-04-27T00:00:00Z,זכר,nm1511657,שחקן,http://www.wikidata.org/entity/Q6612106,אדם הירש,ירושלים,
1980-06-20T00:00:00Z,זכר,nm1201559,במאי קולנוע,http://www.wikidata.org/entity/Q6565520,אדם סנדרסון,תל אביב-יפו,
1976-04-16T00:00:00Z,זכר,nm3522076,במאי קולנוע,http://www.wikidata.org/entity/Q14639191,אהרון קשלס,יפו,
1959-12-10T00:00:00Z,זכר,nm1250535,במאי קולנוע,http://www.wikidata.org/entity/Q3547728,אודי אלוני,ישראל,
1925-06-20T00:00:00Z,זכר,nm0001559,שחקן,http://www.wikidata.org/entity/Q337185,אודי מרפי,מחוז האנט,
1976-09-28T00:00:00Z,זכר,nm0461324,שחקן,http://www.wikidata.org/entity/Q2539995,אוהד קנולר,ישראל,
1961-01-27T00:00:00Z,נקבה,nm1327064,שחקן,http://www.wikidata.org/entity/Q7031983,אוולין הגואל,קזבלנקה,
1971-01-01T00:00:00Z,נקבה,nm0135275,שחקן,http://www.wikidata.org/entity/Q4213108,אוולין קפלון,סנקט פטרבורג,
1979-11-14T00:00:00Z,נקבה,nm1385871,שחקן,http://www.wikidata.org/entity/Q164730,אולגה קורילנקו,ברדיאנסק,
1977-06-01T00:00:00Z,נקבה,nm4602586,שחקן,http://www.wikidata.org/entity/Q12403539,אולה שור-סלקטר,קישינב,
1986-10-30T00:00:00Z,זכר,nm3934424,שחקן,http://www.wikidata.org/entity/Q6640145,אור בן מלך,ישראל,
1949-10-01T00:00:00Z,זכר,nm0043303,שחקן,http://www.wikidata.org/entity/Q6926408,אורי אברהמי,חיפה,
1969-07-01T00:00:00Z,זכר,nm0051530,שחקן,http://www.wikidata.org/entity/Q6866592,אורי בנאי,ישראל,
1946-12-24T00:00:00Z,זכר,nm0053268,במאי קולנוע,http://www.wikidata.org/entity/Q2906838,אורי ברבש,תל אביב-יפו,
1955-04-03T00:00:00Z,זכר,nm0310622,שחקן,http://www.wikidata.org/entity/Q554606,אורי גבריאל,בני ברק,
1970-02-05T00:00:00Z,זכר,nm0387847,שחקן,http://www.wikidata.org/entity/Q6804880,אורי הוכמן,ישראל,
1935-11-04T00:00:00Z,זכר,nm0957612,שחקן,http://www.wikidata.org/entity/Q2891446,אורי זוהר,תל אביב-יפו,
1982-07-23T00:00:00Z,זכר,nm3716229,שחקן,http://www.wikidata.org/entity/Q12403604,אורי יניב,חיפה,
1970-06-03T00:00:00Z,זכר,nm0127897,שחקן,http://www.wikidata.org/entity/Q7900529,אורי כבירי,ירושלים,
1987-04-30T00:00:00Z,זכר,nm6436856,שחקן,http://www.wikidata.org/entity/Q27832396,אורי לייזרוביץ',ראשון לציון,
1964-07-30T00:00:00Z,זכר,nm0803348,במאי קולנוע,http://www.wikidata.org/entity/Q12403611,אורי סיון,סן פרנסיסקו,
1975-07-28T00:00:00Z,זכר,nm1035854,שחקן,http://www.wikidata.org/entity/Q6676878,אורי פפר,ירושלים,
1971-06-21T00:00:00Z,נקבה,nm0883266,שחקן,http://www.wikidata.org/entity/Q2904031,אורלי ויינרמן,תל אביב-יפו,
1957-12-11T00:00:00Z,נקבה,nm0797897,שחקן,http://www.wikidata.org/entity/Q528701,אורלי זילברשץ,ישראל,
1972-08-01T00:00:00Z,נקבה,nm0674146,שחקן,http://www.wikidata.org/entity/Q6976751,אורלי פרל,ישראל,
1971-01-01T00:00:00Z,זכר,nm0787079,שחקן,http://www.wikidata.org/entity/Q12403635,אורן שבו,באר שבע,
1966-11-25T00:00:00Z,נקבה,nm0051529,שחקן,http://www.wikidata.org/entity/Q7103501,אורנה בנאי,באר שבע,
1924-06-06T00:00:00Z,נקבה,nm0691645,שחקן קולנוע,http://www.wikidata.org/entity/Q1748562,אורנה פורת,קלן,
1968-07-01T00:00:00Z,נקבה,nm0686050,שחקן,http://www.wikidata.org/entity/Q6998393,אורנה פיטוסי,עכו,
1984-01-11T00:00:00Z,זכר,nm1025983,שחקן,http://www.wikidata.org/entity/Q1895602,אושרי כהן,לוד,
1979-10-27T00:00:00Z,נקבה,nm1149650,שחקן,http://www.wikidata.org/entity/Q6964843,איה קורן,תל אביב-יפו,
1964-09-09T00:00:00Z,זכר,nm0803346,במאי קולנוע,http://www.wikidata.org/entity/Q553092,אייל סיון,חיפה,
1964-03-10T00:00:00Z,זכר,nm0790841,שחקן,http://www.wikidata.org/entity/Q12403766,אייל שכטר,קריית ביאליק,
1969-06-28T00:00:00Z,נקבה,nm0957909,שחקן,http://www.wikidata.org/entity/Q275967,איילת זורר,תל אביב-יפו,
1975-10-01T00:00:00Z,נקבה,nm2991006,שחקן,http://www.wikidata.org/entity/Q12403770,איילת רובינסון,רמת גן,
1958-01-01T00:00:00Z,זכר,nm0355145,במאי קולנוע,http://www.wikidata.org/entity/Q1385643,איל חלפון,נתניה,
1960-02-18T00:00:00Z,נקבה,nm1010622,שחקן,http://www.wikidata.org/entity/Q12403796,אילנה אביטל,פריז,
1961-01-01T00:00:00Z,נקבה,nm0224532,שחקן,http://www.wikidata.org/entity/Q5998764,אילנה שושן,כפר סבא,
1973-03-20T00:00:00Z,נקבה,nm2278363,שחקן,http://www.wikidata.org/entity/Q6678745,אילנית בן-יעקב,באר שבע,